bait,prey,prey.uniprot,weight.AvgSpec,weight.rank_WD,weight.inverse_BFDR
FOXP1,CTBP1,Q13363,3,0.980475735018921,1
FOXP1,FOXP4,Q8IVH2,18,0.996957347416864,1
FOXP1,FOXP2,O15409,14.33,0.997795982866886,1
FOXP1,CTBP2,P56545,11.67,0.975866705479547,1
FOXP1,NUP155,O75694,6.67,0.984388211973774,1
ASH1L,NUP155,O75694,11.33,0.988376928514992,1
RFX3,TMED1,Q13445,2.67,0.975305304889037,1
RFX3,VAPA,Q9P0L0,2.33,0.971153712867856,0.99
RFX3,ZNF410,Q86VK4,2.67,0.987971472532956,1
RFX3,OCIAD1,Q9NX40,3.67,0.981335163083406,1
RFX3,STX16,O14662,3.33,0.993758750225253,1
RFX3,VPS45,Q9NRW7,7.67,0.996312776368501,1
RFX3,CRTC2,Q53ET0,4.67,0.99347111905851,1
RFX3,FOXJ3,Q9UPW0,3.67,0.994327081687251,1
RFX3,PSMB5,P28074,2,0.975936014194425,0.99
RFX3,RFX1,P22670,6.33,0.979831163970558,1
RFX3,SP2,Q02086,2,0.982568858208231,0.99
RFX3,ARL6IP5,O75915,2.67,0.972512163679461,1
RFX3,CKAP4,Q07065,8.33,0.975229065302671,1
RFX3,KPNA1,P52294,2.67,0.971132920253393,1
RFX3,NUP155,O75694,8.33,0.986020432209146,1
RFX3,SRPRA,P08240,3.67,0.993055266769244,1
RFX3,ANP32B,Q92688,3.33,0.980974757766042,1
RFX3,PKP2,Q99959,4.67,0.973617637681762,0.96
RFX3,ANP32E,Q9BTT0,4.67,0.977474667664712,1
RFX3,PSMA2,P25787,4.33,0.971846800016634,1
RFX3,UBAP2L,Q14157,10.33,0.973912199719993,1
RFX3,RAE1,P78406,15,0.985646165148806,1
RFX3,MOGS,Q13724,3.33,0.97146906752055,1
NUP155,RAE1,P78406,4.67,0.973946854077432,1
NUP155,ATAD3B,Q5T9A4,41.67,0.979713339155265,1
NUP155,TPX2,Q9ULW0,12.33,0.972893361611289,0.95
NUP155,RBM27,Q9P2N5,10.67,0.988106624526968,1
NUP155,TNRC6B,Q9UPQ9,11.33,0.99450381891019,1
NUP155,NUP133,Q8WUM0,3,0.978659846689123,1
NUP155,AAAS,Q9NRG9,24.33,0.998253420385079,1
NUP155,KIAA1671,Q9BY89,5,0.981938148902843,1
NUP155,PKP2,Q99959,4.67,0.973617637681762,0.96
NUP155,NXF1,Q9UBU9,16.33,0.990088853772473,1
NUP155,PRKDC,P78527,94.67,0.982769853481377,1
NUP155,IRAK1,P51617,23.33,0.988439306358382,1
NUP155,NUP153,P49790,28,0.99759498759374,1
NUP155,DOCK7,Q96N67,11.33,0.99394241831968,1
NUP155,CLPB,Q9H078,4.33,0.97401616279231,0.98
NUP155,CKAP2,Q8WWK9,12.33,0.978070722612661,1
NUP155,NDC1,Q9BTX1,26.67,0.998807890104102,1
NUP155,SUN2,Q9UH99,6.33,0.993630529102729,1
NUP155,KIF14,Q15058,22.67,0.99809401034086,1
NUP155,COLGALT1,Q8NBJ5,3,0.988494753330284,1
NUP155,MRPL45,Q9BRJ2,6.33,0.989329923344561,1
NUP155,POM121C,A8CG34,3,0.989832411527425,1
NUP155,TCAIM,Q8N3R3,8.67,0.997425181242289,1
NUP155,NUP35,Q8NFH5,24,0.998586102216493,1
NUP155,CRTC3,Q6UUV7,3.33,0.990906696608032,1
NUP155,SMPD4,Q9NXE4,28,0.997976185525568,1
NUP155,TMEM201,Q5SNT2,6,0.981314370468943,1
NUP155,NUP205,Q92621,12.67,0.979415311681291,1
NUP155,PLOD3,O60568,4.33,0.979685615669314,0.99
NUP155,EIF4ENIF1,Q9NRA8,8.67,0.989770033684035,0.99
NUP155,TMEM209,Q96SK2,10.67,0.987877905767871,1
NUP155,NUP98,P52948,3.67,0.987676910494726,1
NUP155,KIF21A,Q7Z4S6,9.67,0.993561220387851,1
NUP155,COL18A1,P39060,19.67,0.998121733826811,1
NUP155,PLEKHA7,Q6IQ23,19.67,0.996666250814377,1
KMT5B,DCAF8,Q5TAQ9,2,0.977772695138687,1
KMT5B,CUL2,Q13617,3,0.975617194105987,1
KMT5B,DCAF5,Q96JK2,3,0.993166160713048,1
KMT5B,PRRC2A,P48634,3.33,0.987212542105044,0.98
KMT5B,CAPN2,P17655,5,0.974840936499355,1
KMT5B,USP7,Q93009,33,0.977301395877518,1
KMT5B,DDB1,Q16531,13.33,0.971306192040587,1
KMT5B,RNH1,P13489,8,0.982513411236329,1
KMT5B,PRPF6,O94906,6.67,0.985763989964098,1
AP2S1,MOGS,Q13724,3.33,0.97146906752055,1
AP2S1,NUP43,Q8NFH3,3,0.978444989673002,1
AP2S1,SDF4,Q9BRK5,9,0.972248790562925,1
AP2S1,AP2A1,O95782,36.67,0.993990934420094,1
AP2S1,SLC25A13,Q9UJS0,13.67,0.97267157372368,1
AP2S1,AP2B1,P63010,14.67,0.98872347208938,1
AP2S1,HUWE1,Q7Z6Z7,16,0.984052064706616,1
AP2S1,AP2M1,Q96CW1,14,0.985542202076489,1
AP2S1,SRPRA,P08240,11,0.996742490400743,1
AP2S1,CNP,P09543,10.33,0.972886430739801,1
AP2S1,SRPRB,Q9Y5M8,18.67,0.980039090115191,1
AP2S1,EIF3G,O75821,4,0.990033406800571,0.99
AP2S1,GALK1,P51570,4.67,0.978923219805658,1
AP2S1,CKAP4,Q07065,13.33,0.980545043733799,1
AP2S1,TARS2,Q9BW92,3,0.977751902524223,1
AP2S1,DYNC1H1,Q14204,5.33,0.992653276222952,0.99
AP2S1,AAGAB,Q6PD74,12.33,0.997525678878862,1
AP2S1,ERMP1,Q7Z2K6,5.33,0.996264260268086,1
AP2S1,COMTD1,Q86VU5,5,0.982839162196255,1
AP2S1,TMEM177,Q53S58,2,0.975679571949377,1
AP2S1,TMED1,Q13445,2.33,0.973555259838372,1
AP2S1,MAIP1,Q8WWC4,6.33,0.972910688790008,1
AP2S1,GPX8,Q8TED1,7,0.98654024757073,1
AP2S1,RHOT2,Q8IXI1,6.67,0.98057276721975,1
AP2S1,RDH13,Q8NBN7,22.67,0.997186066175961,1
AP2S1,DCAF11,Q8TEB1,5.33,0.996264260268086,1
AP2S1,NME3,Q13232,5,0.981598536199942,1
AP2S1,AP1B1,Q10567,9.67,0.990795802664227,1
AP2S1,PPM1B,O75688,7,0.991461166327054,1
AP2S1,ORC4,O43929,4.67,0.994122620978362,1
AP2S1,AP2A2,O94973,51,0.995550380504845,1
AP2S1,ESYT2,A0FGR8,8.33,0.97223492881995,1
AP2S1,SLC27A2,O14975,4.67,0.992639414479977,1
AP2S1,PGRMC2,O15173,4.33,0.972532956293924,1
AP2S1,CYB5B,O43169,4.33,0.972526025422437,1
AP2S1,RO60,P10155,3,0.989624485382792,1
AP2S1,UMPS,P11172,10,0.988425444615406,1
AP2S1,HSPA6,P17066,27.67,0.992091875632442,1
AP2S1,EPS15,P42566,11.67,0.996326638111476,1
AP2S1,YME1L1,Q96TA2,12,0.982250038119793,1
AP2S1,RDH14,Q9HBH5,7,0.996936554802401,1
AP2S1,SLC25A19,Q9HC21,4,0.986096671795512,1
AP2S1,RAB18,Q9NP72,3.33,0.984273852594225,1
AP2S1,TRABD,Q9H4I3,3.33,0.988030384940602,1
AP2S1,MTR,Q99707,9.67,0.995099873858139,1
AP2S1,CCDC32,Q9BV29,9,0.997501420828655,1
AP2S1,RNF41,Q9H4P4,18.67,0.998392037814835,1
AP2S1,EPS15L1,Q9UBC2,10.33,0.991613645499785,1
AP2S1,TDRKH,Q9Y2W6,2.67,0.994053312263484,1
AP2S1,AFG3L2,Q9Y4W6,13.67,0.986325390554608,1
CORO1A,CTNNB1,P35222,6,0.994781053769701,1
CORO1A,ITPRID2,P28290,29.33,0.986845205916192,1
CORO1A,DAPK1,P53355,4.33,0.974057748021236,1
CORO1A,NEFM,P07197,13.33,0.979463827781705,0.95
CORO1A,ACTN1,P12814,15,0.981439126155723,1
CORO1A,ITPR3,Q14573,23.67,0.99087897312208,1
CORO1A,ITPR2,Q14571,39.33,0.992563174893611,1
CORO1A,FLOT2,Q14254,8.67,0.973440900458824,1
CORO1A,CDC42BPA,Q5VT25,20.33,0.980066813601142,1
CORO1A,SPECC1L,Q69YQ0,52,0.992833478881634,1
CORO1A,SPECC1,Q5M775,12.67,0.984953078000028,1
CORO1A,TPM4,P67936,3.67,0.975506300162182,1
CORO1A,FLII,Q13045,8,0.983185705770644,1
CORO1A,TWF1,Q12792,5,0.975922152451449,1
CORO1A,TJP1,Q07157,29.67,0.988279896314163,1
CORO1A,LIMA1,Q9UHB6,76.67,0.97632414299774,1
CORO1A,FLOT1,O75955,7.33,0.974667664712161,1
CORO1A,TOM1,O60784,5.33,0.979969781400313,1
CORO1A,PPP1R12A,O14974,32.67,0.988058108426554,1
CORO1A,SPTBN2,O15020,18.67,0.98254113472228,1
CORO1A,OLA1,Q9NTK5,5.33,0.98463425791159,1
CORO1A,CEP170,Q5SW79,9.33,0.994136482721337,1
CORO1A,VARS1,P26640,9.67,0.98600657046617,1
CORO1A,PPP1R9B,Q96SB3,21.33,0.996811799115621,1
CORO1A,PKP2,Q99959,9,0.981099513452822,1
CORO1A,CORO1B,Q9BR76,23.67,0.994794915512676,1
CORO1A,MYO5C,Q9NQX4,12,0.988182864113334,1
CORO1A,FMNL2,Q96PY5,11.67,0.986865998530655,1
CORO1A,MYH14,Q7Z406,60,0.996804868244133,1
CORO1A,PAWR,Q96IZ0,7,0.983719382875203,1
CORO1A,MYO18A,Q92614,15.67,0.991090364702458,1
CORO1A,PPP1R9A,Q9ULJ8,11.67,0.992389903106417,1
CORO1A,MYO6,Q9UM54,45,0.990116577258424,1
CORO1A,RAI14,Q9P0K7,56.67,0.994413717580849,1
CORO1A,ADD3,Q9UEY8,5,0.976781580515934,1
CORO1A,LRRFIP2,Q9Y608,5.67,0.983005503111961,1
CORO1A,MYO5A,Q9Y4I1,9.33,0.985306552445905,1
CORO1A,CLTC,Q00610,21.67,0.975728088049791,1
CORO1A,SCRIB,Q14160,7.67,0.981910425416892,1
CORO1A,SPTBN1,Q01082,90.67,0.983462940630155,1
CORO1A,FLNA,P21333,24,0.974175572836528,1
CORO1A,MYH10,P35580,236.33,0.992237423933685,1
CORO1A,MYH9,P35579,127.67,0.98981854978445,1
CORO1A,CTNNA1,P35221,11,0.990220540330741,1
CORO1A,DOCK7,Q96N67,12.33,0.994351339737459,1
CORO1A,LMO7,Q8WWI1,33.67,0.988175933241846,1
CORO1A,PLEC,Q15149,26.33,0.992909718468,1
CORO1A,DBN1,Q16643,82,0.97198541744639,1
CORO1A,SPTAN1,Q13813,109.33,0.984558018325224,1
CORO1A,DYNC1H1,Q14204,7.33,0.994171137078776,0.99
CORO1A,MPRIP,Q6WCQ1,55,0.992930511082464,1
CORO1A,ACTN4,O43707,34.67,0.973094356884435,1
CORO1A,MYO1B,O43795,66.33,0.974660733840673,1
CORO1A,SVIL,O95425,14.33,0.980593559834214,1
CORO1A,WDR1,O75083,17.67,0.974393895288394,1
CORO1A,FLNB,O75369,71,0.990449259089838,1
CORO1A,CORO1C,Q9ULV4,47,0.973073564269971,1
CORO1A,CGN,Q9P2M7,7,0.980489596761897,0.95
CORO1A,ITPR1,Q14643,9,0.99462857459697,1
CORO1A,PCM1,Q15154,7.67,0.989250218322452,1
CORO1A,POC1A,Q8NBT0,10.67,0.997487559085679,1
GFAP,GAN,Q9H2C0,6.67,0.994954325556895,0.95
GFAP,SNX9,Q9Y5X1,16.67,0.992985958054366,1
GFAP,SEC16A,O15027,10.33,0.990761148306788,1
GFAP,CLUH,O75153,3.67,0.992251285676661,1
GFAP,PRRC2B,Q5JSZ5,5,0.989076946535257,0.99
GFAP,PRRC2A,P48634,3.33,0.987212542105044,0.99
GFAP,PRKDC,P78527,39.67,0.973427038715848,1
GFAP,PMPCA,Q10713,6.33,0.974653802969185,1
GFAP,INA,Q16352,3.67,0.977734575345504,1
GFAP,NEFM,P07197,11,0.977218225419664,1
GFAP,NEFL,P07196,4.33,0.982575789079719,1
ELAVL3,MSI2,Q96DH6,11,0.993977072677118,1
ELAVL3,IFIT5,Q13325,7.67,0.995973163665599,1
ELAVL3,THUMPD3,Q9BV44,5.67,0.992577036636587,1
ELAVL3,NDUFAB1,O14561,7.67,0.993824593504387,1
ELAVL3,TIMM9,Q9Y5J7,5.33,0.979145007693267,1
ELAVL3,SIRT1,Q96EB6,24,0.996652389071402,1
ELAVL3,MSI1,O43347,5.33,0.989908651113791,1
ELAVL3,PFDN6,O15212,2.67,0.975672641077889,1
ELAVL3,GTPBP3,Q969Y2,29,0.998426692172274,1
ELAVL3,RO60,P10155,57.67,0.99865541093137,1
ELAVL3,NCBP2,P52298,2.67,0.989423490109646,1
ELAVL3,P3H1,Q32P28,40.33,0.993512704287437,1
ELAVL3,PFDN5,Q99471,2.67,0.974750835170014,1
ELAVL3,SART3,Q15020,18.67,0.996132573709818,1
ELAVL3,CRTAP,O75718,20.67,0.991225516696469,1
ELAVL3,SIRT5,Q9NXA8,12,0.997903411374946,1
ELAVL3,WDTC1,Q8N5D0,9,0.996402877697842,1
ELAVL3,DPH6,Q7L8W6,10,0.997702416101801,1
ELAVL3,TTC19,Q6DKK2,11,0.997026656131742,1
ELAVL3,ELAVL2,Q12926,10.33,0.997584591286508,1
ELAVL3,TIMM8A,O60220,12,0.971562634285635,1
ELAVL3,CARM1,Q86X55,37.33,0.981189614782163,1
ELAVL3,GEMIN5,Q8TEQ6,9.33,0.98606894830956,1
ELAVL3,MOV10,Q9HCE1,7.67,0.972976532069142,1
ELAVL3,POLR1B,Q9H9Y6,13.33,0.996763283015206,1
ELAVL3,RCN1,Q15293,6.67,0.974619148611746,1
ELAVL3,XRN1,Q8IZH2,8,0.994385994094898,0.95
ELAVL3,NCBP1,Q09161,4.67,0.98488376928515,1
ELAVL3,MRPL4,Q9BYD3,2.67,0.971236883325709,1
ELAVL3,PPM1G,O15355,24,0.978971735906073,1
ELAVL3,PRPF3,O43395,4,0.988744264703844,1
ELAVL3,TIMM8B,Q9Y5J9,13,0.97279632941046,1
ELAVL3,CDKN2AIP,Q9NXV6,4.33,0.980586628962726,0.99
ELAVL3,TIMM10,P62072,5.33,0.971992348317878,1
PPP1R9B,TMOD1,P28289,4.67,0.975000346543574,0.95
PPP1R9B,IQGAP1,P46940,3,0.971430947727367,1
PPP1R9B,ACTN1,P12814,29.33,0.986928376374045,1
PPP1R9B,SPECC1L,Q69YQ0,5.67,0.97488945259977,1
PPP1R9B,CAMK2G,Q13555,2.67,0.983968894248763,1
PPP1R9B,TLN1,Q9Y490,12,0.97932521035195,1
PPP1R9B,ZC3H18,Q86VM9,9.67,0.990899765736544,1
PPP1R9B,MYH14,Q7Z406,2.67,0.978334095729197,1
PPP1R9B,CAND1,Q86VP6,7,0.975086982437172,0.95
PPP1R9B,LAP3,P28838,10.67,0.990206678587766,1
PPP1R9B,CKAP5,Q14008,9.67,0.977530114636614,0.95
PPP1R9B,SPTBN1,Q01082,31,0.97154877254266,1
PPP1R9B,MYH10,P35580,124.67,0.988453168101357,1
PPP1R9B,ACTN4,O43707,40.67,0.975145894844818,1
PPP1R9B,ZC2HC1A,Q96GY0,3.67,0.984357023052079,1
PPP1R9B,NCKIPSD,Q9NZQ3,4.33,0.992549313150636,1
PPP1R9B,MCM10,Q7L590,21.33,0.994787984641189,1
PPP1R9B,TRAF4,Q9BUZ4,3,0.987669979623238,1
PPP1R9B,CEP131,Q9UPN4,4.33,0.991100761009689,0.95
PPP1R9B,CFAP97,Q9P2B7,6.67,0.995432555689552,0.95
PPP1R9B,MAP7D3,Q8IWC1,23.67,0.992868133239074,1
PPP1R9B,SNX9,Q9Y5X1,9,0.989679932354694,1
PPP1R9B,DYNLT1,P63172,3,0.98710164816124,1
PPP1R9B,WDR48,Q8TAF3,8,0.989125462635672,1
PPP1R9B,TYW3,Q6IPR3,3.33,0.986533316699242,1
PPP1R9B,CEP170,Q5SW79,5.33,0.974127056736114,0.95
PPP1R9B,PCM1,Q15154,15,0.980406426304044,0.95
PPP5C,CDC37,Q16543,20.33,0.981251992625553,1
PPP5C,USP19,O94966,13,0.997789051995398,1
PPP5C,NADSYN1,Q6IA69,12,0.997747466766471,1
PHF21A,HMG20A,Q9NP66,13.67,0.995931578436673,1
PHF21A,NUP62,P37198,12,0.996853384344548,1
PHF21A,HMG20B,Q9P0W2,17.67,0.998385106943347,1
PHF21A,KDM1A,O60341,65.33,0.998419761300786,1
PHF21A,HDAC1,Q13547,14.33,0.981154960424724,1
PHF21A,RCOR1,Q9UKL0,20.67,0.997199927918936,1
PHF21A,HDAC2,Q92769,14.67,0.986401630140974,1
PHF21A,RCOR3,Q9P2K3,20.67,0.997927669425154,1
PHF21A,CPVL,Q9H3G5,20,0.972560679779876,1
PHF21A,RCOR2,Q8IZ40,5,0.994150344464313,1
NACC1,ACAD11,Q709F0,8.33,0.977561303558309,1
NACC1,LSM5,Q9Y4Y9,3,0.972470578450534,1
NACC1,USP7,Q93009,22,0.972449785836071,1
NACC1,ELP1,O95163,23.33,0.996673181685865,1
NACC1,TCAF1,Q9Y4C2,22,0.995987025408575,1
NACC1,UBR2,Q8IWV8,16,0.99365825258868,1
NACC1,PIP4K2C,Q8TBX8,4.33,0.981397540926796,1
NACC1,XPNPEP3,Q9NQH7,43.67,0.997851429838788,1
NACC1,LSM2,Q9Y333,4,0.98051038937636,1
DNMT3A,KPNA3,O00505,9.33,0.975769673278718,1
DNMT3A,MKI67,P46013,26,0.983764433539873,1
BCL11A,VAPB,O95292,19,0.984523363967785,1
BCL11A,ACAD11,Q709F0,28,0.98822444934226,1
BCL11A,HDAC2,Q92769,24.67,0.990047268543547,1
BCL11A,MTA2,O94776,70.67,0.998918784047906,1
BCL11A,RBBP4,Q09028,36.67,0.981792600601599,1
BCL11A,RBBP7,Q16576,27.67,0.976365728226667,1
BCL11A,HDAC1,Q13547,22,0.984710497497955,1
BCL11A,CHD4,Q14839,115,0.998676203545834,1
BCL11A,VAPA,Q9P0L0,20.33,0.990962143579934,1
BCL11A,MTA3,Q9BTC8,5,0.995089477550907,1
BCL11A,MAP3K20,Q9NYL2,9,0.994715210490567,1
BCL11A,MBD2,Q9UBB5,5,0.996032076073245,1
BCL11A,TIMM9,Q9Y5J7,3.67,0.974834005627868,1
BCL11A,UBXN4,Q92575,4.67,0.995869200593282,1
BCL11A,CDK2AP1,O14519,7,0.996617734713963,1
BCL11A,MBD3,O95983,30.33,0.998835613590053,1
BCL11A,CHD3,Q12873,26.67,0.998565309602029,1
BCL11A,MTA1,Q13330,62.67,0.999168295421466,1
BCL11A,GATAD2A,Q86YP4,39.33,0.999043539734686,1
BCL11A,GATAD2B,Q8WXI9,50,0.999112848449564,1
TBR1,HSD17B4,P51659,3.33,0.982527272979304,1
TBR1,PDCD11,Q14690,54,0.984564949196712,1
TBR1,ACAD11,Q709F0,8.33,0.977561303558309,1
TBR1,RAE1,P78406,4,0.971971555703414,1
TBR1,ASPH,Q12797,8.33,0.972193343591023,1
TBR1,IQSEC1,Q6DN90,11.33,0.9935334969019,1
TBR1,ATAD3B,Q5T9A4,40,0.979332141223438,1
TBR1,POLD1,P28340,8.67,0.988966052591453,1
TBR1,AKAP8,O43823,3.33,0.973544863531141,1
TBR1,USP9X,Q93008,19.67,0.980018297500728,1
TBR1,ZMYM2,Q9UBW7,6,0.992396833977904,0.97
TBR1,AP2S1,P53680,2.33,0.988321481543089,1
TBR1,DARS2,Q6PI48,3.67,0.984169889521908,1
TBR1,MCAT,Q8IVS2,5.67,0.987129371647191,1
TBR1,SGPL1,O95470,5.33,0.975430060575817,1
TBR1,AP2A1,O95782,13.33,0.988522476816235,1
TBR1,ERCC3,P19447,4,0.992438419206831,0.95
TBR1,AP2B1,P63010,6,0.981584674456966,1
TBR1,RBM15,Q96T37,17.33,0.981224269139602,1
TBR1,AP2M1,Q96CW1,9,0.981931218031355,1
TBR1,TARS2,Q9BW92,5,0.982811438710303,1
TBR1,WDR6,Q9NNW5,30.67,0.972775536795997,1
TBR1,CLPB,Q9H078,11.67,0.984363953923566,1
TBR1,ZMYM4,Q5VZL5,8,0.992216631319222,1
TBR1,COA7,Q96BR5,14,0.986422422755437,1
TBR1,SBF1,O95248,3.67,0.994327081687251,1
TBR1,RNF40,O75150,3.33,0.994288961894069,1
TBR1,PAXIP1,Q6ZW49,5,0.993117644612634,0.97
TBR1,FHL3,Q13643,3,0.979678684797826,0.95
TBR1,B3GALT6,Q96L58,4,0.993921625705216,1
TBR1,WDR11,Q9BZH6,6.33,0.996340499854452,1
TBR1,OCRL,Q01968,3.67,0.989243287450964,1
TBR1,POLE,Q07864,5.33,0.996264260268086,1
TBR1,ODF2,Q5BJF6,25.33,0.998773235746663,1
TBR1,NXN,Q6DKJ4,8,0.996978140031328,1
TBR1,OCLN,Q16625,6.67,0.996479117284207,1
TBR1,ELP1,O95163,3,0.987115509904215,0.95
TBR1,TCAF1,Q9Y4C2,6.67,0.991163138853079,1
TBR1,PIGT,Q969N2,3,0.974944899571672,1
TBR1,MTMR1,Q13613,2.33,0.981674775786307,0.99
TBR1,DNAJC16,Q9Y2G8,6.33,0.989492798824524,1
TBR1,TMEM177,Q53S58,3.67,0.98210448981855,0.97
TBR1,AP1B1,Q10567,3.33,0.98310253531279,1
TBR1,AP2A2,O94973,13.33,0.989347250523281,1
TBR1,RNGTT,O60942,3.33,0.975180549202257,0.97
TBR1,BAIAP2,Q9UQB8,10.33,0.996416739440817,1
TBR1,BCKDK,O14874,9,0.990601738262569,1
TBR1,FBXW11,Q9UKB1,15,0.997913807682178,1
TBR1,BTRC,Q9Y297,7.33,0.996732094093511,1
TBR1,STK3,Q13188,7.67,0.993547358644876,1
TBR1,SAV1,Q9H4B6,8.67,0.993263192913877,1
TBR1,FAM91A1,Q658Y4,3,0.991908207538016,1
TBR1,POMGNT2,Q8NAT1,3,0.991204724082006,1
TBR1,KIF7,Q2M1P5,22.67,0.994864224227554,1
TBR1,PKP4,Q99569,6.33,0.982797576967328,1
TBR1,CASK,O14936,6.33,0.992528520536172,1
TBR1,JPH1,Q9HDC5,6.67,0.988688817731942,1
TBR1,COP1,Q8NHY2,5,0.979186592922194,0.97
TM9SF4,REEP5,Q00765,6.33,0.98166784491482,1
TM9SF4,RTN4,Q9NQC3,3.67,0.98144605702721,1
TM9SF4,RTN3,O95197,5,0.971493325570757,1
TM9SF4,TAOK1,Q7L7X3,4,0.978957874163097,0.96
SMARCC2,XPNPEP3,Q9NQH7,10,0.99369290694612,1
SMARCC2,SMARCD2,Q92925,4.67,0.992570105765099,1
SMARCC2,SMARCB1,Q12824,7.67,0.994164206207288,1
SMARCC2,SMARCD1,Q96GM5,7,0.994621643725482,1
SMARCC2,TRMT6,Q9UJA5,2.33,0.976033046395254,0.95
SMARCC2,SMARCC1,Q92922,2.67,0.99209880650393,1
SMARCC2,SMARCE1,Q969G3,7,0.994178067950264,1
SMARCC2,SMARCA4,P51532,3.33,0.992944372825439,0.97
SMARCC2,SUPT16H,Q9Y5B9,34.67,0.975007277415062,1
SMARCC2,NVL,O15381,4.33,0.977336050234956,1
SMARCC2,CAP1,Q01518,11,0.977245948905616,1
SMARCC2,PDCD11,Q14690,31,0.979546998239559,1
SMARCC2,MKI67,P46013,24,0.982998572240474,1
ZMYND8,MKI67,P46013,37.67,0.986567971056681,1
ZMYND8,RNH1,P13489,6,0.979858887456509,1
ZMYND8,PDCD11,Q14690,25.67,0.977322188491981,1
ZMYND8,SUPT16H,Q9Y5B9,37.33,0.975852843736572,1
ZMYND8,CAPN2,P17655,6.33,0.977620215965956,1
ZMYND8,TRIM68,Q6AZZ1,8.33,0.994614712853994,1
ZMYND8,UBR2,Q8IWV8,5,0.986872929402143,1
ZMYND8,XPNPEP3,Q9NQH7,6.33,0.991447304584078,1
HDLBP,ATIC,P31939,9.67,0.980226223645361,1
HDLBP,TARS1,P26639,5.67,0.977031091889494,1
HDLBP,IDH3A,P50213,2.33,0.983563438266728,1
HDLBP,PYGL,P06737,8.67,0.976951386867385,1
HDLBP,PDCD11,Q14690,18.67,0.973628033988994,1
HDLBP,SAE1,Q9UBE0,5.33,0.982090628075574,1
HDLBP,RBM12,Q9NTZ6,2,0.99019281684479,1
HDLBP,AARS1,P49588,9.67,0.988702679474917,1
HDLBP,TTLL12,Q14166,5.33,0.982721337380962,1
HDLBP,TSN,Q15631,4.67,0.977925174311418,1
HDLBP,ADSL,P30566,6,0.978652915817635,1
HDLBP,CAND1,Q86VP6,7.67,0.976078097059924,1
HDLBP,FH,P07954,3.33,0.976899405331226,1
HDLBP,LAP3,P28838,4.33,0.983878792919422,1
HDLBP,ACADM,P11310,4.33,0.982901540039645,0.97
HDLBP,NAA10,P41227,3.67,0.978403404444075,0.97
HDLBP,NAA15,Q9BXJ9,6.33,0.994885016842018,1
HDLBP,HYPK,Q9NX55,2.33,0.985098626301271,1
HDLBP,TBR1,Q16650,2.67,0.975173618330769,0.96
HDLBP,TAOK1,Q7L7X3,9.67,0.986671934128997,0.96
KCNQ3,HEATR3,Q7Z4Q2,4.33,0.974355775495211,0.96
KCNQ3,IPO9,Q96P70,6.67,0.974965692186136,1
KCNQ3,NAP1L4,Q99733,2.67,0.976552861756837,0.99
KCNQ3,IPO4,Q8TEX9,4.33,0.975537489083877,1
KCNQ3,TNPO1,Q92973,8,0.974896383471258,1
KCNQ3,NAA15,Q9BXJ9,5.33,0.978784602375903,0.95
KCNQ3,GOLPH3,Q9H4A6,3.33,0.989111600892696,0.96
KCNQ3,CLPTM1,O96005,3,0.977959828668857,1
KCNQ3,ACBD3,Q9H3P7,7.33,0.984613465297126,1
KCNQ3,ECD,O95905,10.33,0.9922859400341,1
KCNQ3,SAAL1,Q96ER3,3.67,0.972567610651363,1
KCNQ3,ARL10,Q8N8L6,3,0.981643586864612,1
KCNQ3,PEX19,P40855,7.67,0.98741353737819,1
WAC,RBM12,Q9NTZ6,40.33,0.998800959232614,1
WAC,RBM15,Q96T37,14.67,0.979484620396169,1
WAC,ZC3H13,Q5T200,34.33,0.998135595569787,1
WAC,RNF40,O75150,71,0.99918908803593,1
WAC,UBE2A,P49459,2,0.971954228524695,0.99
WAC,POLR2A,P24928,6.33,0.98722640384802,1
WAC,WIPF3,A6NGB9,3,0.994559265882092,0.99
WAC,WASL,O00401,20.67,0.998613825702444,1
WAC,WIPF1,O43516,5.33,0.996264260268086,1
WAC,RNF20,Q5VTR2,69.67,0.999244535007832,1
WAC,VIRMA,Q69YN4,44,0.99912671019254,1
WAC,CBLL1,Q75N03,10,0.997702416101801,1
WAC,WIPF2,Q8TF74,12,0.998007374447263,1
WAC,HYPK,Q9NX55,5.33,0.990830457021666,1
WAC,WTAP,Q15007,24,0.99840589955781,1
RORB,UBN2,Q6ZU65,5.67,0.976774649644446,1
RORB,HIRA,P54198,9.33,0.981896563673916,1
RORB,SHKBP1,Q8TBC3,3.67,0.988044246683578,1
RORB,EIF4ENIF1,Q9NRA8,8,0.989354181394769,1
RORB,RANBP2,P49792,16,0.993886971347777,1
RORB,DNTTIP1,Q9H147,5.33,0.994489957167214,1
RORB,NCOA2,Q15596,24,0.997560333236301,1
RORB,NRIP1,P48552,28.33,0.998870267947492,1
RORB,FTH1,P02794,4.33,0.995702859677576,1
RORB,CAMK2D,Q13557,2.67,0.987261058205459,1
RORB,MED1,Q15648,4,0.989291803551379,1
RORB,NCOA1,Q15788,19,0.998301936485494,1
RORB,MIDEAS,Q6PJG2,21.67,0.997685088923081,1
RORB,RAD50,Q92878,20.33,0.9901304390014,1
RORB,TP53,P04637,28.33,0.978181616556466,1
RORB,VRK3,Q8IV63,11.33,0.97576274240723,1
RORB,PRKDC,P78527,41,0.973794374904701,1
RORB,ZNF629,Q9UEG4,16,0.997629641951179,1
RORB,GLB1,P16278,9.33,0.984849114927711,1
RORB,CTSA,P10619,8.67,0.98803731581209,1
RORB,GIGYF1,O75420,8.67,0.997040517874718,1
RORB,NBN,O60934,3.33,0.98148071138465,1
RORB,MRE11,P49959,4,0.975970668551864,1
RORB,LEMD2,Q8NC56,12,0.97835488834366,1
RORB,NCOA3,Q9Y6Q9,16.33,0.986062017438073,1
RORB,CAMK2G,Q13555,4,0.987025408574874,1
RORB,XRCC1,P18887,9,0.973773582290237,1
RORB,OAT,P04181,39.67,0.997893015067715,1
RORB,LIG3,P49916,21.33,0.982548065593768,1
RORB,MATR3,P43243,91.33,0.983622350674374,1
MKX,LIG3,P49916,17.67,0.980905449051164,1
MKX,LMNA,P02545,36,0.986450146241388,1
MKX,XRCC1,P18887,8.67,0.973336937386507,1
MKX,IDE,P14735,10.67,0.992327525263027,1
MKX,HDAC2,Q92769,5.67,0.977862796468028,1
MKX,BAG5,Q9UL15,3.67,0.971715113458366,0.98
MKX,LEMD2,Q8NC56,8.67,0.974477065746247,1
MKX,AMPD2,Q01433,21.33,0.996160297195769,1
MKX,NAP1L4,Q99733,27.67,0.994011727034557,1
MKX,MRPS9,P82933,4,0.975267185095854,1
MKX,TBL1XR1,Q9BZK7,9,0.992583967508074,1
MKX,NCOR2,Q9Y618,9.67,0.990275987302643,1
MKX,ERCC3,P19447,2.67,0.990185885973302,1
MKX,HDAC3,O15379,2.67,0.978743017146976,0.99
MKX,TBL1X,O60907,4.33,0.986311528811633,1
MKX,NCOR1,O75376,3.67,0.98486644210643,1
MKX,PRPF31,Q8WWY3,4.67,0.985077833686808,1
MKX,MAGED2,Q9UNF1,12.33,0.988605647274088,1
MKX,PRKDC,P78527,106.33,0.983927309019836,1
MKX,XRCC5,P13010,60.67,0.973676550089408,1
MKX,HDAC1,Q13547,7.33,0.97348248568775,1
MKX,CHD4,Q14839,3.67,0.986200634867828,1
MKX,IRF2BPL,Q9H1B7,4.67,0.991377995869201,0.97
MKX,SIN3B,O75182,6.33,0.994365201480434,1
MKX,SAP30,O75446,2.33,0.987812062488737,0.99
MKX,SIN3A,Q96ST3,38.33,0.998378176071859,1
MKX,SAMD1,Q6SPF0,4.67,0.978687570175074,0.96
MKX,IRF2BP1,Q8IU81,4,0.981300508725967,1
MKX,HSPA6,P17066,20,0.990178955101814,1
MKX,GPS2,Q13227,2.67,0.978645984946147,1
MKX,UBR1,Q8IWV7,9.67,0.99697120915984,1
MKX,HIRA,P54198,6.67,0.978472713158953,1
MKX,BEND3,Q5T5X7,4.33,0.973849821876603,1
MKX,UBN2,Q6ZU65,3.67,0.971424016855879,1
PPP2R5D,PPFIA1,Q13136,36.33,0.998599963959468,1
PPP2R5D,PHKG2,P15735,6.33,0.984786737084321,1
PPP2R5D,PHKA1,P46020,3,0.984942681692796,0.96
PPP2R5D,PRR14,Q9BWN1,10.33,0.997764793945191,1
PPP2R5D,SGO1,Q5FBB7,5.33,0.996264260268086,1
PPP2R5D,PPP4C,P60510,20,0.998475208272688,1
PPP2R5D,PPP2R1B,P30154,32,0.998849475333028,1
PPP2R5D,PPP2CB,P62714,4,0.991419581098127,1
PPP2R5D,PPP2CA,P67775,4.67,0.992965165439902,1
PPP2R5D,PPP2R1A,P30153,81,0.977634077708931,1
PPP2R5D,PPFIA3,O75145,6.67,0.996070195866428,1
PPP2R5D,OGDH,Q02218,13.33,0.984994663228954,1
PPP2R5D,MOGS,Q13724,7.33,0.9808846564367,1
SPAST,NUP37,Q8NFH4,6.67,0.993727561303558,1
SPAST,REEP5,Q00765,3.33,0.974646872097698,1
SPAST,GLMN,Q92990,2.67,0.988550200302186,0.95
SPAST,IST1,P53990,5.67,0.985452100747148,1
SPAST,NUP98,P52948,28.33,0.996818729987109,1
SPAST,PEX19,P40855,17.67,0.992514658793197,1
SPAST,ZW10,O43264,3,0.98532041418888,1
SPAST,VAPA,Q9P0L0,3.33,0.975783535021694,0.95
SPAST,GCN1,Q92616,5.67,0.99031757253157,1
SPAST,MMS19,Q96T76,6,0.984412470023981,1
SPAST,SAAL1,Q96ER3,6.33,0.979131145950292,1
SPAST,NUP85,Q9BW27,40.33,0.998911853176418,1
SPAST,XPO7,Q9UIA9,2.33,0.985861022164927,0.99
SPAST,DNAAF5,Q86Y56,8.67,0.990982936194397,1
SPAST,TBC1D15,Q8TC07,2,0.979522740189351,0.99
SPAST,ITCH,Q96J02,3.67,0.979893541813948,1
SPAST,NUP160,Q12769,43,0.998925714919394,1
SPAST,EIF2B4,Q9UI10,6.67,0.992181976961783,1
SPAST,XPO5,Q9HAV4,11.67,0.984745151855394,1
SPAST,MARS1,P56192,17.33,0.971909177860024,1
SPAST,NUP107,P57740,20.67,0.987170956876118,1
SPAST,PRKDC,P78527,57.67,0.97785586559654,1
SPAST,XPOT,O43592,22.33,0.977193967369457,1
SPAST,IPO7,O95373,13,0.97476469691299,1
SPAST,TNPO1,Q92973,14.67,0.981501503999113,1
SPAST,HM13,Q8TCT9,7.33,0.993228538556438,1
SPAST,NUP133,Q8WUM0,27.33,0.994205791436215,1
SPAST,NUP43,Q8NFH3,11.33,0.989596761896841,1
SPAST,USP9X,Q93008,30,0.983934239891324,1
SPAST,XPO1,O14980,22.67,0.97113985112488,1
SPAST,HEATR3,Q7Z4Q2,4.33,0.974355775495211,1
SPAST,NPEPPS,P55786,7,0.97148639469927,1
GNAI1,BAX,Q07812,3.33,0.983019364854937,1
GNAI1,XPO1,O14980,23.33,0.971638873872001,1
GNAI1,TNPO1,Q92973,23.33,0.985438239004172,1
GNAI1,NUCB2,P80303,2,0.98847396071582,0.99
GNAI1,XPO5,Q9HAV4,5.33,0.977239018034128,0.95
GNAI1,GNG4,P50150,3,0.989437351852622,1
GNAI1,TNFAIP8,O95379,8.67,0.994462233681263,1
GNAI1,RAP1GAP,P47736,4.67,0.994732537669286,1
GNAI1,CCDC88A,Q3V6T2,20.67,0.99859303308798,1
GNAI1,ARMH3,Q5T2E6,3.33,0.994912740327969,1
GNAI1,ANKRD13B,Q86YJ7,3,0.994559265882092,0.96
GNAI1,RIC8A,Q9NPQ8,16.67,0.996777144758182,1
GNAI1,XPO7,Q9UIA9,3.67,0.989271010936915,1
GNAI1,DNAAF5,Q86Y56,7.67,0.990241332945205,1
GNAI1,TNPO3,Q9Y5L0,4.67,0.982402517292524,1
GNAI1,RABGGTB,P53611,3,0.981882701930941,1
GNAI1,GCN1,Q92616,16,0.995280076516821,1
GNAI1,ARFIP2,P53365,2.67,0.98745858804286,0.99
GNAI1,FANCI,Q9NVI1,2.67,0.9710150954381,0.99
GNAI1,ECPAS,Q5VYK3,5.33,0.987843251410432,1
GNAI1,ATP6V1H,Q9UI12,6.67,0.972761675053021,1
GNAI1,NUCB1,Q02818,6.33,0.993131506355609,1
GNAI1,GPSM1,Q86YR5,12.33,0.995390970460626,1
GNAI1,REEP5,Q00765,2.67,0.971687389972415,1
FOXP2,UBN2,Q6ZU65,4,0.972643850237729,1
FOXP2,BEND3,Q5T5X7,6.33,0.978389542701099,1
FOXP2,HIRA,P54198,5,0.97513896397333,0.95
FOXP2,BCKDK,O14874,8.33,0.990054199415034,1
FOXP2,FOXP1,Q9H334,12.67,0.997380130577619,1
FOXP2,FOXP4,Q8IVH2,10.33,0.995481071789967,1
FOXP2,PRKDC,P78527,47.33,0.975606797798755,1
FOXP2,LIG3,P49916,24.33,0.983733244618178,1
LDB1,PMPCA,Q10713,9.33,0.979124215078804,1
LDB1,HEATR3,Q7Z4Q2,3.67,0.972304237534828,1
LDB1,USP9X,Q93008,18.67,0.979443035167242,1
LDB1,HUWE1,Q7Z6Z7,39.33,0.990303710788595,1
LDB1,IPO7,O95373,11.33,0.973011186426581,1
LDB1,PRKDC,P78527,50,0.976195921875217,1
LDB1,USP34,Q70CQ2,2.67,0.985937261751293,0.99
LDB1,SSBP3,Q9BWW4,6.67,0.99682912629434,1
LDB1,ISL2,Q96A47,11,0.997879153324739,1
LDB1,MCM3AP,O60318,3.33,0.99303447415478,1
LDB1,LMX1B,O60663,3.33,0.994912740327969,0.95
LDB1,NF1,P21359,2.67,0.990861645943361,0.95
LDB1,LMO4,P61968,11,0.997879153324739,1
LDB1,SSBP2,P81877,2,0.992732981245062,0.99
LDB1,DDI2,Q5TDH0,6,0.996548425999085,1
LDB1,SSBP4,Q9BWG4,2.33,0.993387948600657,0.99
LDB1,FKBP5,Q13451,10.33,0.995425624818065,1
LDB1,DDX20,Q9UHI6,4.67,0.98544516987566,1
LDB1,ANAPC7,Q9UJX3,8.33,0.995515726147406,1
LDB1,USP24,Q9UPU5,5,0.992431488335343,1
LDB1,PPP2R2D,Q66LE6,3.33,0.988023454069115,1
LDB1,FANCD2,Q9BXW9,4.67,0.973330006515019,1
LDB1,MMS19,Q96T76,3.33,0.97888856544822,1
LDB1,PMPCB,O75439,8.33,0.985666957763269,1
LDB1,CIP2A,Q8TCG1,26.33,0.995079081243676,1
KIAA0232,ACAD11,Q709F0,18.67,0.985161004144661,1
KIAA0232,ATAD3B,Q5T9A4,25.33,0.973919130591481,1
KIAA0232,CDC73,Q6P1J9,2,0.985420911825453,0.99
KIAA0232,MAGED2,Q9UNF1,4.67,0.980856932950749,1
KIAA0232,DCAF7,P61962,7,0.989582900153865,1
KIAA0232,SNX17,Q15036,4,0.97395378494892,1
KIAA0232,COA7,Q96BR5,5.67,0.978493505773416,1
KIAA0232,OBI1,Q5W0B1,6,0.994108759235386,1
KIAA0232,CNOT1,A5YKK6,26.67,0.998184111670201,1
KIAA0232,CNOT9,Q92600,3.67,0.994327081687251,1
KIAA0232,CNOT10,Q9H9A5,5.67,0.993866178733314,1
KIAA0232,CNOT11,Q9UKZ1,3,0.990265590995412,0.96
KIAA0232,CNOT2,Q9NZN8,5,0.99297209631139,1
KIAA0232,MCM10,Q7L590,5,0.986609556285607,1
KIAA0232,AMBRA1,Q9C0C7,2.67,0.991426511969615,1
KIAA0232,PFDN5,Q99471,2.33,0.973056237091252,0.99
KIAA0232,ELP1,O95163,3.67,0.988612578145576,1
KIAA0232,CHAF1B,Q13112,7,0.993041405026268,1
KIAA0232,SLC30A9,Q6PML9,5.33,0.993859247861826,1
KIAA0232,ZNF281,Q9Y2X9,4,0.989707655840645,1
KIAA0232,ZNF146,Q15072,7.67,0.986949168988509,1
KIAA0232,MAP7D3,Q8IWC1,10.33,0.98791256012531,1
KIAA0232,CCDC8,Q9H0W5,2.33,0.988169002370358,0.99
KIAA0232,NFXL1,Q6ZNB6,4,0.973932992334456,1
KIAA0232,YME1L1,Q96TA2,4.67,0.971597288643074,1
KIAA0232,CNOT3,O75175,3.33,0.993758750225253,1
KIAA0232,TRAF3,Q13114,4.33,0.98925714919394,1
KIAA0232,DYRK1A,Q13627,11,0.996375154211891,1
TRIM23,RNF169,Q8NCN4,3,0.986346183169072,1
TRIM23,GTSE1,Q9NYZ3,2.67,0.983518387602057,0.97
TRIM23,TNRC6B,Q9UPQ9,3,0.987004615960411,0.98
TRIM23,KIAA1671,Q9BY89,11,0.988196725856309,1
TRIM23,WRNIP1,Q96S55,4,0.974075075199956,0.95
TRIM23,CKAP5,Q14008,7.67,0.97482707475638,1
TRIM23,NUP153,P49790,8.67,0.9944414410668,0.98
TRIM23,PRRC2B,Q5JSZ5,7,0.99094135096547,0.99
TRIM23,GIGYF2,Q6Y7W6,9,0.97538847534689,1
TRIM23,USP15,Q9Y4E8,14,0.995384039589138,1
TRIM23,GGA3,Q9NZ52,2.33,0.993387948600657,0.99
TRIM23,GRAMD1A,Q96CP6,4.33,0.989742310198084,1
TRIM23,AMBRA1,Q9C0C7,2,0.989887858499328,0.99
TRIM23,SIPA1L3,O60292,6,0.983123327927254,1
TRIM23,OTUD4,Q01804,3,0.985992708723195,0.96
TRIM23,MAP7D3,Q8IWC1,14,0.989915581985279,1
TRIM23,LZTS2,Q9BRK4,3,0.987503638707531,1
TRIM23,ZNF318,Q5VUA4,12.33,0.995203836930455,1
TRIM23,PPP2R5D,Q14738,11.67,0.997269236633814,1
TRIM23,SIPA1L1,O43166,4,0.987233334719508,1
TRAF7,DLG1,Q12959,17.33,0.99634743072594,1
TRAF7,NUDC,Q9Y266,30,0.974293397651821,1
TRAF7,HUWE1,Q7Z6Z7,8.33,0.977550907251078,1
TRAF7,PFDN1,O60925,6.33,0.985867953036415,1
TRAF7,SCRIB,Q14160,67,0.995210767801943,1
TRAF7,MPP7,Q5T2T1,10.67,0.997317752734229,1
TRAF7,PFDN4,Q9NQP4,4,0.984218405622323,1
TRAF7,PFDN5,Q99471,9,0.986387768397998,1
TRAF7,PFDN6,O15212,6,0.983996617734714,1
TRAF7,CASK,O14936,7,0.993006750668829,1
NR3C2,LIG3,P49916,13.67,0.978136565891795,1
NR3C2,IQSEC1,Q6DN90,14.67,0.994656298082921,1
NR3C2,BAG5,Q9UL15,4.67,0.974868659985307,1
NR3C2,PRKDC,P78527,62,0.97866677756061,1
NR3C2,OMA1,Q96E52,6.67,0.976677617443617,1
NR3C2,COA7,Q96BR5,7,0.98075990074992,1
NR3C2,FKBP5,Q13451,9.33,0.995148389958553,1
NR3C2,CBR4,Q8N4T8,6.67,0.993242400299414,1
NR3C2,PPM1B,O75688,2.67,0.984966939743003,1
NR3C2,CARNMT1,Q8N4J0,30.67,0.997802913738374,1
RAI1,ACAD11,Q709F0,22.67,0.986644210643046,1
RAI1,RAE1,P78406,15.67,0.985958054365756,1
RAI1,TRIM27,P14373,11.33,0.985528340333514,1
RAI1,AP2B1,P63010,7.33,0.98341442452974,0.96
RAI1,AP2M1,Q96CW1,6,0.977703386423809,0.96
RAI1,CLTC,Q00610,33,0.980524251119336,1
RAI1,EIF3G,O75821,2.33,0.986280339889938,0.97
RAI1,KPNA3,O00505,7.33,0.972740882438558,1
RAI1,CAMSAP3,Q9P1Y5,6.33,0.9956889979346,0.96
RAI1,SCAI,Q8N9R8,7.67,0.996881107830499,1
RAI1,SSX2IP,Q9Y2D8,3,0.990265590995412,1
RAI1,KEAP1,Q14145,4.67,0.986318459683121,1
RAI1,VAPA,Q9P0L0,3.67,0.976767718772958,0.96
RAI1,AP2A2,O94973,13.33,0.974910245214233,0.96
RAI1,FOXK1,P85037,5,0.982950056140059,1
RAI1,TRAF3,Q13114,19,0.995848407978819,1
RAI1,MYCBP2,O75592,62.67,0.998648480059883,1
RAI1,TRAF2,Q12933,5.33,0.992168115218808,1
RAI1,KIF7,Q2M1P5,7.67,0.989541314924939,1
MAP1A,POLDIP2,Q9Y2S7,7.67,0.974241416115662,1
MAP1A,NUP155,O75694,4.33,0.980565836348262,1
TCF20,KIF7,Q2M1P5,9.67,0.990802733535715,1
TCF20,TRIM41,Q8WV44,2.67,0.982381724678061,1
TCF20,CEP120,Q8N960,12.67,0.997310821862741,1
TCF20,IRF2BP1,Q8IU81,16.33,0.991454235455566,1
TCF20,IFT57,Q9NWB7,12,0.997192997047449,1
TCF20,IFT172,Q9UG01,50.33,0.999015816248735,1
TCF20,IFT80,Q9P2H3,14,0.998201438848921,1
TCF20,NUDT12,Q9BQG2,4.33,0.995044426886237,1
TCF20,CLUAP1,Q96AJ1,3.67,0.994327081687251,1
TCF20,TRAF3IP1,Q8TDR0,6,0.996548425999085,1
TCF20,TTC30A,Q86WT1,7.33,0.997071706796412,1
TCF20,IFT88,Q13099,8,0.997258840326583,1
TCF20,TTC26,A0AVF1,5.33,0.971091335024466,1
TCF20,IFT81,Q8WYA0,19.67,0.974418153338601,1
TCF20,DCAF7,P61962,4.33,0.986044690259353,1
TCF20,PRKDC,P78527,35.67,0.971940366781719,1
TCF20,MTA2,O94776,20.67,0.997387061449107,1
TCF20,MOV10,Q9HCE1,7,0.971777491301756,1
TCF20,LEMD2,Q8NC56,8.67,0.974477065746247,1
TCF20,USP9X,Q93008,49,0.987607601779848,1
TCF20,TRIM27,P14373,6,0.980080675344118,1
TCF20,HDAC2,Q92769,3.67,0.97260919588029,1
TCF20,IFT27,Q9BW83,4.67,0.978618261460196,1
TCF20,HSD17B4,P51659,36,0.99593850930816,1
PTK7,ERGIC2,Q96RQ1,4,0.994763726590982,1
PTK7,MBOAT7,Q96N66,2,0.979339072094925,1
PTK7,CKAP4,Q07065,7.33,0.973579517888579,1
PTK7,TOMM40,O96008,4.33,0.971354708141001,1
TAOK1,TAOK3,Q9H2K8,2.67,0.989423490109646,1
TAOK1,SLIT2,O94813,4.67,0.99419192969324,1
TAOK1,KLHL36,Q8N4N3,2,0.987794735310018,1
TAOK1,TAOK2,Q9UL54,10,0.994649367211433,1
TAOK1,RCC1L,Q96I51,4,0.98816207149887,1
GIGYF1,SCAF1,Q9H7N4,2.67,0.978153893070515,1
GIGYF1,PKP4,Q99569,5,0.980766831621408,1
GIGYF1,PLBD2,Q8NHP8,4,0.99469095244036,0.96
GIGYF1,PDCD7,Q8N8D1,4.33,0.990969074451422,1
GIGYF1,LSM2,Q9Y333,4,0.98051038937636,1
GIGYF1,LSM6,P62312,3,0.982326277706159,1
GIGYF1,AGO2,Q9UKV8,4,0.978278648757295,1
GIGYF1,CPSF3,Q9UKF6,7.67,0.977821211239101,1
GIGYF1,PLOD3,O60568,7.67,0.98475901359837,1
GIGYF1,SCAF4,O95104,7.33,0.988127417141431,1
GIGYF1,KEAP1,Q14145,17,0.993984003548606,1
GIGYF1,CPSF4,O95639,3.67,0.987184818619093,1
GIGYF1,CPSF1,Q10570,27.33,0.997005863517279,1
GIGYF1,SMN2,Q16637,4.33,0.985583787305416,0.96
GIGYF1,POLR2A,P24928,2.33,0.978507367516391,1
GIGYF1,RNPC3,Q96LT9,7.67,0.997165273561498,1
GIGYF1,SPIN1,Q9Y657,5,0.99558156942654,1
GIGYF1,DDX20,Q9UHI6,8.67,0.973939923205944,0.96
GIGYF1,WDR33,Q9C0J8,14,0.995654343577161,1
GIGYF1,COLGALT1,Q8NBJ5,3.33,0.989284872679891,1
GIGYF1,CUL2,Q13617,5,0.98129357785448,1
GIGYF1,SNRNP200,O75643,93,0.988730402960868,1
GIGYF1,GEMIN5,Q8TEQ6,3.67,0.977349911977932,1
GIGYF1,EFTUD2,Q15029,47.33,0.979214316408145,1
GIGYF1,LONP1,P36776,39.33,0.996527633384622,1
GIGYF1,SNRNP70,P08621,49,0.982832231324767,1
GIGYF1,GEMIN4,P57678,5.33,0.978639054074659,0.96
GIGYF1,EIF3G,O75821,3,0.988266034571187,0.98
GIGYF1,SART1,O43290,27,0.987683841366213,1
GIGYF1,PRPF8,Q6P2Q9,96.67,0.991502751555981,1
GIGYF1,LSM4,Q9Y4Z0,3.67,0.971278468554636,1
GIGYF1,UPF1,Q92900,11.33,0.974459738567527,1
GIGYF1,PRPF31,Q8WWY3,15.33,0.99284734062461,1
GIGYF1,MOV10,Q9HCE1,10.67,0.976906336202714,1
GIGYF1,DDX23,Q9BUQ8,25.67,0.996118711966843,1
GIGYF1,ZC3H18,Q86VM9,4.33,0.985431308132685,1
GIGYF1,EIF4E2,O60573,30,0.986075879181048,1
GIGYF1,NCBP1,Q09161,4,0.983747106361154,1
GIGYF1,RBM12,Q9NTZ6,2.67,0.971916108731512,0.95
GIGYF1,CCAR2,Q8N163,9.67,0.973829029262139,1
GIGYF1,TNRC6B,Q9UPQ9,4,0.989194771350549,1
GIGYF1,PRPF3,O43395,22,0.996354361597427,1
GIGYF1,PRPF4,O43172,27.33,0.996631596456938,1
GIGYF1,CPSF2,Q9P2I0,10.33,0.992334456134514,1
GIGYF1,TNRC6A,Q8NDV7,3.67,0.980281670617264,1
GIGYF1,YWHAG,P61981,18.67,0.977096935168628,1
GIGYF1,USP39,Q53GS9,14.67,0.986249150968243,1
GIGYF1,PRPF6,O94906,34,0.994982049042847,1
GIGYF1,SNRPA,P09012,15.67,0.979436104295754,1
TLK2,KLHL13,Q9P2N7,8.67,0.993602805616778,1
TLK2,KLHL9,Q9P2J3,7.33,0.992341387006002,1
TLK2,CUL3,Q13618,15.67,0.998073217726397,1
TLK2,TLK1,Q9UKI8,22.67,0.998690065288809,1
MYT1L,LIG3,P49916,25,0.984045133835128,1
MYT1L,MKI67,P46013,48.33,0.988460098972845,1
MYT1L,LMNA,P02545,11,0.975350355553707,1
MYT1L,TOP2A,P11388,14,0.978216270913905,1
MYT1L,ACAD11,Q709F0,9.33,0.978812325861854,1
MYT1L,RAE1,P78406,24.33,0.98931952703733,1
MYT1L,LEMD2,Q8NC56,16.67,0.981688637529283,1
MYT1L,MDC1,Q14676,8,0.982374793806573,1
MYT1L,POLR1E,Q9GZS1,3.67,0.975942945065913,0.96
MYT1L,RRBP1,Q9P2E9,13.67,0.972283444920364,0.96
MYT1L,PRKDC,P78527,56,0.977537045508102,1
MYT1L,KDM1A,O60341,6.33,0.991627507242761,1
MYT1L,ATF7,P17544,3,0.989603692768329,1
MYT1L,MED16,Q9Y2X0,4,0.99159978375681,1
MYT1L,MED23,Q9ULK4,5.33,0.995775633828197,1
MYT1L,MED29,Q9NX70,3,0.989201702222037,0.95
MYT1L,SAP30,O75446,3.67,0.990740355692325,1
MYT1L,MED17,Q9NVC6,6.67,0.991260171053908,1
MYT1L,MED4,Q9NPJ6,4,0.992147322604344,1
MYT1L,MED14,O60244,7,0.994233514922166,1
MYT1L,MED24,O75448,4.33,0.992857736931842,0.96
MYT1L,MED15,Q96RN5,7,0.990892834865056,1
MYT1L,MED20,Q9H944,2.33,0.990012614186108,1
MYT1L,MED26,O95402,5,0.996032076073245,1
MYT1L,FBXO45,P0C2W1,8.67,0.996208813296184,1
MYT1L,GRAMD4,Q6IC98,3,0.977062280811189,0.95
MYT1L,SPRYD3,Q8NCJ5,4,0.995460279175504,1
MYT1L,PHF21A,Q96BD5,5.67,0.995945440179648,1
MYT1L,MED1,Q15648,6.33,0.991890880359296,1
MYT1L,SIN3A,Q96ST3,28.33,0.998045494240446,1
MYT1L,RFX1,P22670,3.67,0.97342010784436,1
MYT1L,SAMD1,Q6SPF0,10,0.985576856433928,1
MYT1L,MED19,A0JLT2,3,0.985549132947977,1
MYT1L,LOC100421372,A0A1W2PQ72,5.67,0.982430240778476,1
MYT1L,KLHL7,Q8IXQ5,6.67,0.992618621865513,0.96
MYT1L,MYCBP2,O75592,196.33,0.999237604136344,1
MYT1L,CUX1,P39880,6.67,0.983653539596069,1
MYT1L,HIRA,P54198,8.33,0.980891587308188,1
MYT1L,BEND3,Q5T5X7,13,0.984980801485979,1
MYT1L,UBN2,Q6ZU65,6,0.97760635422298,1
MYT1L,TOP2B,Q02880,6.33,0.978708362789537,1
TCF7L2,CTNNB1,P35222,2.33,0.990061130286522,1
TCF7L2,LIG3,P49916,20,0.98197973413177,1
TCF7L2,LMNA,P02545,9,0.972661177416448,1
TCF7L2,LEMD2,Q8NC56,15.33,0.980995550380505,1
TCF7L2,CLTC,Q00610,68.67,0.986616487157095,1
TCF7L2,PRKDC,P78527,47.33,0.975606797798755,1
TCF7L2,TRMT10C,Q7L0Y3,21.33,0.982000526746233,1
TCF7L2,RFX1,P22670,3.33,0.972096311390194,0.95
TCF7L2,SP3,Q02447,4,0.972373546249705,1
TCF7L2,CLTB,P09497,2.67,0.973808236647676,1
TCF7L2,LOC100421372,A0A1W2PQ72,3.67,0.978202409170929,1
TCF7L2,CUX1,P39880,6,0.982638166923109,1
TCF7L2,HIRA,P54198,6,0.97716970931925,1
TCF7L2,BEND3,Q5T5X7,15.33,0.986235289225267,1
TCF7L2,UBN2,Q6ZU65,6.67,0.978770740632927,1
TCF7L2,TOP2B,Q02880,4,0.973291886721836,1
MED13L,MED12,Q93074,22.33,0.998454415658225,1
MED13L,TRRAP,Q9Y4A5,6.33,0.991960189074174,1
MED13L,MED29,Q9NX70,2.67,0.988314550671602,1
MED13L,MED17,Q9NVC6,3.33,0.986810551558753,1
MED13L,MED15,Q96RN5,2.67,0.98425999085125,1
MED13L,IRF2BPL,Q9H1B7,19,0.996714766914792,1
MED13L,ACAD11,Q709F0,5.33,0.972020071803829,1
ANKRD11,NKTR,P30414,6.33,0.991343341511762,1
ANKRD11,SND1,Q7KZF4,10.67,0.978347957472172,1
ANKRD11,YWHAG,P61981,23.33,0.979671753926339,1
ANKRD11,CSNK2A2,P19784,30,0.980953965151578,1
ANKRD11,KPNA6,O60684,8.67,0.989406162930927,1
ANKRD11,OBSL1,O75147,3.67,0.980704453778018,1
ANKRD11,NUP50,Q9UKX7,3,0.985874883907903,1
ANKRD11,SUPT16H,Q9Y5B9,73.67,0.98285302393923,1
ANKRD11,CDC73,Q6P1J9,15.67,0.99606326499494,1
ANKRD11,DARS2,Q6PI48,3,0.982284692477232,1
ANKRD11,SMC1A,Q14683,29.67,0.993540427773388,1
ANKRD11,IWS1,Q96ST2,5.67,0.984835253184735,0.99
ANKRD11,TBL1XR1,Q9BZK7,8.33,0.992202769576246,1
ANKRD11,WDR61,Q9GZS3,7.33,0.984343161309103,1
ANKRD11,RBM15B,Q8NDT2,11.67,0.996104850223867,1
ANKRD11,LEO1,Q8WVC0,6.33,0.986373906655023,1
ANKRD11,GTF2H4,Q92759,5.67,0.991544336784907,1
ANKRD11,PDS5B,Q9NTI5,4,0.990414604732399,1
ANKRD11,PAF1,Q8N7H5,14,0.991031452294812,1
ANKRD11,STAG2,Q8N3U4,9.67,0.996583080356524,1
ANKRD11,ERCC3,P19447,23,0.997858360710276,1
ANKRD11,GTF2H1,P32780,11,0.99678407562967,1
ANKRD11,CHD1,O14646,14,0.995536518761869,1
ANKRD11,KPNA5,O15131,3,0.984142166035957,1
ANKRD11,HDAC3,O15379,3,0.980059882729654,1
ANKRD11,RAD21,O60216,3,0.994559265882092,1
ANKRD11,CTR9,Q6PD62,14.33,0.991357203254737,1
ANKRD11,GTF2H5,Q6ZYL4,2,0.990355692324753,1
ANKRD11,GTF2H3,Q13889,5,0.99558156942654,1
ANKRD11,EEFSEC,P57772,3.33,0.976642963086178,1
ANKRD11,RBM15,Q96T37,38.33,0.987621463522823,1
ANKRD11,ECHS1,P30084,15.33,0.992521589664684,1
ANKRD11,SMC3,Q9UQE7,27.33,0.994247376665142,1
ANKRD11,EIF3G,O75821,4.33,0.990608669134057,0.99
ANKRD11,KPNA2,P52292,51.67,0.980787624235871,1
ANKRD11,KPNA1,P52294,15,0.988300688928626,1
ANKRD11,NUP153,P49790,4.67,0.991384926740688,1
ANKRD11,DYNC1H1,Q14204,4,0.972619592187522,0.95
ANKRD11,KPNA4,O00629,19.67,0.981570812713991,1
ANKRD11,KPNA3,O00505,21.33,0.984232267365299,1
IRF2BPL,KCTD21,Q4G0X4,7.33,0.995834546235844,1
IRF2BPL,XPNPEP3,Q9NQH7,3.67,0.988148209755895,1
IRF2BPL,IRF2BP1,Q8IU81,14,0.990664116105959,1
IRF2BPL,TCF20,Q9UGU0,8,0.996174158938745,1
IRF2BPL,SLTM,Q9NWH9,7.33,0.990109646386937,1
IRF2BPL,VGLL4,Q14135,13.33,0.99481570812714,1
IRF2BPL,RADX,Q6NSI4,42.33,0.998191042541689,1
IRF2BPL,P3H1,Q32P28,8.67,0.983698590260739,1
IRF2BPL,CRTAP,O75718,7.33,0.984246129108274,1
IRF2BPL,KLF10,Q13118,2.67,0.992476539000014,1
IRF2BPL,TFAP4,Q01664,15.33,0.998163319055738,1
IRF2BPL,ATF7,P17544,4.67,0.992050290403515,1
IRF2BPL,SCRIB,Q14160,5,0.97735684284942,1
IRF2BPL,DNM2,P50570,3.67,0.993027543283292,1
IRF2BPL,ELF1,P32519,6.33,0.984460986124395,0.96
SATB1,BEND3,Q5T5X7,8.67,0.981591605328454,0.96
SATB1,P3H1,Q32P28,9.33,0.984329299566128,1
SATB1,TRIM47,Q96LD4,8.67,0.997425181242289,1
SATB1,CRTAP,O75718,6.33,0.982804507838816,1
SATB1,LEMD2,Q8NC56,13.33,0.979505413010632,1
SATB1,ACAD11,Q709F0,11,0.980649006806116,1
SATB1,LIG3,P49916,22,0.982742129995426,1
TEK,PEX19,P40855,13,0.990837387893153,1
TEK,CNNM3,Q8NE01,3.67,0.981546554663783,1
TEK,SAAL1,Q96ER3,3.33,0.971209159839758,1
TEK,RTN4,Q9NQC3,6.67,0.986304597940145,1
TEK,RTN3,O95197,8.33,0.977842003853565,1
TEK,HEATR3,Q7Z4Q2,4.33,0.974355775495211,0.96
TRIP12,AGO2,Q9UKV8,4.67,0.979976712271801,1
TRIP12,KPNA3,O00505,7,0.972179481848048,1
TRIP12,USP7,Q93009,27.67,0.975402337089866,1
TRIP12,CTR9,Q6PD62,6,0.985597649048391,0.96
TRIP12,LEO1,Q8WVC0,3.67,0.981993595874745,0.96
TRIP12,PAF1,Q8N7H5,6,0.985341206803344,0.96
TRIP12,CDC73,Q6P1J9,11.67,0.995321661745748,1
DIP2A,RBM12B,Q8IXT5,7.33,0.995293938259797,1
DIP2A,HSD17B4,P51659,4.33,0.984682774012004,0.96
DIP2A,NKTR,P30414,15,0.995307800002772,1
ASXL3,BAP1,Q92560,8.67,0.993505773415949,1
ASXL3,BRD4,O60885,9.33,0.997047448746205,1
ASXL3,HCFC1,P51610,13.33,0.971479463827782,0.98
CTNNB1,CDH2,P19022,9.33,0.97229730666334,1
CTNNB1,ACAD11,Q709F0,9.67,0.979221247279633,1
CTNNB1,RUVBL1,Q9Y265,62.33,0.971063611538515,1
CTNNB1,CTSA,P10619,8.33,0.987711564852164,1
CTNNB1,GLB1,P16278,6.67,0.982049042846648,1
CTNNB1,CLTC,Q00610,28.33,0.978798464118878,0.99
CTNNB1,CTNNA1,P35221,75.67,0.997456370163984,1
CTNNB1,RUVBL2,Q9Y230,57,0.97969947741229,1
CTNNB1,LEF1,Q9UJU2,9.33,0.997570729543533,1
CTNNB1,AMER1,Q5JTC6,9.67,0.99437906322341,1
CTNNB1,TCF7L2,Q9NQB0,3,0.993803800889924,1
CTNNB1,CTNNBIP1,Q9NSA3,12,0.998007374447263,1
CTNNB1,APC,P25054,111.67,0.99925146587932,1
CTNNB1,AXIN1,O15169,41.33,0.999050470606174,1
CHD8,BRD2,P25440,20.33,0.992279009162612,1
CHD8,CSNK2A2,P19784,22,0.977578630737029,1
CHD8,KPNA6,O60684,18.67,0.993450326444047,1
CHD8,KPNA5,O15131,4,0.986207565739316,1
CHD8,PRKDC,P78527,34,0.971271537683148,1
CHD8,KPNA2,P52292,48.33,0.980094537087093,1
CHD8,KPNA1,P52294,21,0.990373019503472,1
CHD8,MYH10,P35580,27.67,0.974432015081576,0.95
CHD8,AP2A2,O94973,3.33,0.977128124090323,1
CHD8,NFS1,Q9Y697,16,0.996707836043304,1
SHANK2,NCKAP1,Q9Y2A7,8,0.996451393798256,1
SHANK2,ABI1,Q8IZP0,2.33,0.980392564561068,1
SHANK2,SMC1A,Q14683,4,0.979359864709388,1
SHANK2,CLIC1,O00299,9.67,0.995543449633357,1
SHANK2,SHANK3,Q9BYB0,2,0.992355248748978,1
SHANK2,SHANK1,Q9Y566,2,0.992732981245062,1
SHANK2,CYFIP2,Q96F07,3,0.985556063819465,1
SHANK2,RBM10,P98175,10,0.993970141805631,1
SYNGAP1,YWHAG,P61981,31,0.982305485091696,1
SYNGAP1,YWHAH,Q04917,29.33,0.977939036054394,1
KDM5B,TOP2B,Q02880,7.67,0.980815347721822,1
KDM5B,HSPA6,P17066,11.33,0.986263012711218,1
KDM5B,XRCC5,P13010,57.67,0.97304584078402,1
KDM5B,PRKDC,P78527,124,0.985001594100442,1
KDM5B,MDC1,Q14676,9,0.98353918021652,1
KDM5B,SUPT16H,Q9Y5B9,31,0.973600310503043,1
KDM5B,TOP2A,P11388,10.67,0.974979553929111,1
CELF4,MSI2,Q96DH6,4.33,0.989153186121623,1
CELF4,AUP1,Q9Y679,3.33,0.972203739898255,1
CELF4,LPCAT1,Q8NF37,5.67,0.971372035319721,1
PHF12,HSPA6,P17066,9.33,0.984779806212833,1
PHF12,GATAD1,Q8WUU5,10.33,0.996444462926768,1
PHF12,SIN3A,Q96ST3,12,0.996181089810233,1
PHF12,SIN3B,O75182,25.33,0.99796925465408,1
PHF12,MORF4L1,Q9UBU8,29.67,0.984828322313248,1
PHF12,HDAC1,Q13547,8,0.974542909025381,1
PHF12,MORF4L2,Q15014,36,0.995959301922624,1
EIF3G,MKI67,P46013,23,0.982610443437158,1
EIF3G,TJP1,Q07157,7.67,0.975915221579962,1
EIF3G,EIF3E,P60228,16,0.980350979332141,1
EIF3G,EIF3F,O00303,12,0.979054906363926,1
EIF3G,OLA1,Q9NTK5,5,0.984266921722737,1
EIF3G,EIF3M,Q7L2H7,9,0.976837027487836,1
EIF3G,EIF3K,Q9UBQ5,7.33,0.971070542410003,1
EIF3G,EIF3I,Q13347,62.33,0.991364134126225,1
EIF3G,ADNP,Q9H2P0,8.33,0.996791006501158,1
EIF3G,EIF3A,Q14152,63.67,0.984911492771101,1
EIF3G,ZNRD2,O60232,4,0.990081922900986,1
EIF3G,EIF3L,Q9Y262,25,0.972325030149291,1
EIF3G,DHX30,Q7L2E3,45.33,0.981459918770186,1
EIF3G,SART3,Q15020,5.67,0.991329479768786,1
EIF3G,TRMU,O75648,4,0.991121553624153,1
TCF4,MKI67,P46013,8.67,0.971652735614976,1
TCF4,LIG3,P49916,31,0.985604579919879,1
TCF4,NEFM,P07197,8,0.973458227637543,1
TCF4,XRCC1,P18887,12.33,0.977592492480004,1
TCF4,TOP2A,P11388,8.67,0.972380477121193,1
TCF4,SUPT16H,Q9Y5B9,29,0.972678504595168,1
TCF4,MDC1,Q14676,6.67,0.980877725565213,1
TCF4,SGF29,Q96ES7,6.67,0.990643323491496,1
TCF4,WDR26,Q9H7D7,6.67,0.979318279480462,1
TCF4,PPP1R9B,Q96SB3,7,0.993107248305402,1
TCF4,STUB1,Q9UNE7,12.33,0.975658779334914,1
TCF4,PARP2,Q9UGN5,6.67,0.972165620105072,1
TCF4,CLTC,Q00610,50.67,0.984336230437615,1
TCF4,PRKDC,P78527,125.33,0.985119418915734,1
TCF4,SPTBN1,Q01082,67.33,0.980808416850335,1
TCF4,MYH10,P35580,48,0.980735642699713,0.99
TCF4,SPTAN1,Q13813,76,0.981452987898698,1
TCF4,CHD4,Q14839,4,0.986935307245533,1
TCF4,TP53,P04637,17.33,0.972117104004658,1
TCF4,TFCP2,Q12800,5,0.981078720838358,1
TCF4,RAD50,Q92878,9.67,0.98482139144176,1
TCF4,TCF12,Q99081,6.33,0.991010659680348,1
TCF4,PNKP,Q96T60,4.67,0.974736973427039,1
TCF4,HEXIM2,Q96MH2,8.33,0.997109826589595,1
TCF4,ID3,Q02535,9,0.997501420828655,1
TCF4,ID2,Q02363,12.33,0.998052425111934,1
TCF4,TCF3,P15923,9.67,0.997012794388766,1
TCF4,ID4,P47928,17.67,0.998239558642103,1
TCF4,YPEL5,P62699,2,0.976750391594239,1
TCF4,PYCR3,Q53H96,4.67,0.971534910799684,1
TCF4,ID1,P41134,18.33,0.998489070015664,1
TCF4,TTF2,Q9UNY4,11.33,0.991267101925396,1
TCF4,HIRA,P54198,8.67,0.98125892349704,1
TCF4,UBN2,Q6ZU65,7,0.979352933837901,1
TCF4,TOP2B,Q02880,4,0.973291886721836,1
GRIA2,CKAP4,Q07065,36,0.988564062045162,1
GRIA2,ODR4,Q5SWX8,16,0.997920738553666,1
GRIA2,UFSP2,Q9NUQ7,17,0.998412830429298,1
GRIA2,GRIA4,P48058,2.33,0.993256262042389,1
CREBBP,JUN,P05412,3.33,0.971756698687293,1
CREBBP,DYRK1A,Q13627,2.67,0.990594807391081,1
CREBBP,RB1,P06400,14.33,0.994268169279605,1
CREBBP,EP300,Q09472,4.33,0.990137369872888,1
CREBBP,P3H1,Q32P28,23,0.990650254362984,1
CREBBP,RBL1,P28749,11.67,0.990234402073717,1
CREBBP,NCOA2,Q15596,14.33,0.996368223340403,1
CREBBP,MRTFB,Q9ULH7,3.33,0.994912740327969,1
CREBBP,RELA,Q04206,13,0.998128664698299,1
CREBBP,MRTFA,Q969V6,11,0.997723208716264,1
CREBBP,NCOA1,Q15788,3.33,0.994115690106874,0.95
CREBBP,CRTAP,O75718,12,0.987940283611261,1
CREBBP,TP53,P04637,40.33,0.981799531473087,1
CREBBP,DCAF7,P61962,6.67,0.989309130730098,1
CREBBP,PRKDC,P78527,50,0.976195921875217,1
CREBBP,NCOA3,Q9Y6Q9,6,0.976518207399398,1
CREBBP,LIG3,P49916,13.67,0.978136565891795,1
SRPRA,TMX3,Q96JJ7,7.33,0.990407673860911,1
SRPRA,SRPRB,Q9Y5M8,33,0.984987732357467,1
SRPRA,SEL1L,Q9UBV2,2.67,0.976975644917592,1
SRPRA,STIP1,P31948,42.67,0.983206498385107,1
TBL1XR1,GPS2,Q13227,6.67,0.986755104586851,1
TBL1XR1,NCOR1,O75376,34.33,0.99640980856933,1
TBL1XR1,TBL1X,O60907,11,0.992306732648563,1
TBL1XR1,HDAC3,O15379,7,0.98716402600463,1
TBL1XR1,NCOR2,Q9Y618,21,0.99425430753663,1
DPYSL2,DPYSL5,Q9BPU6,33,0.998288074742518,1
DPYSL2,DPYSL4,O14531,12,0.996077126737916,1
SKI,DYRK1A,Q13627,3.33,0.991870087744833,0.95
SKI,MAEA,Q7L5Y9,12.67,0.995716721420552,1
SKI,GID8,Q9NWU2,12,0.994850362484579,1
SKI,SMAD4,Q13485,44,0.999036608863199,1
SKI,MKLN1,Q9UL63,8,0.996194951553208,1
SKI,ARMC8,Q8IUR7,6.33,0.994143413592825,1
SKI,RANBP10,Q6VN20,12,0.996562287742061,1
SKI,YPEL5,P62699,4.33,0.984488709610346,1
SKI,RMND5A,Q9H871,8.33,0.993623598231242,1
SKI,SMAD2,Q15796,3,0.984017410349177,1
SKI,RANBP9,Q96S59,16.67,0.996084057609404,1
SKI,DCAF7,P61962,18.33,0.994455302809775,1
SKI,GLB1,P16278,5.67,0.980621283320165,1
SKI,CTSA,P10619,2.33,0.976022650088022,1
SKI,OSBPL8,Q9BZF1,6.33,0.985167935016149,1
SKI,WDR26,Q9H7D7,13.33,0.985459031618636,1
SKI,USP9X,Q93008,32.33,0.984481778738859,1
SKI,PRDX4,Q13162,4,0.972290375791852,1
PAX5,TOP2B,Q02880,16.33,0.987018477703386,1
PAX5,NFS1,Q9Y697,4,0.99147502807003,1
PAX5,UBN2,Q6ZU65,13.67,0.985327345060368,1
PAX5,BEND3,Q5T5X7,11,0.98372631374669,1
PAX5,HIRA,P54198,21,0.988335343286065,1
PAX5,CUX1,P39880,6.33,0.983130258798741,1
PAX5,ZYG11B,Q9C0D3,4,0.991156207981592,1
PAX5,PLOD1,Q02809,7.67,0.990310641660082,1
PAX5,TTF2,Q9UNY4,3.67,0.983435217144203,1
PAX5,PLOD3,O60568,9,0.986034293952122,1
PAX5,ARIH1,Q9Y4X5,2.67,0.994053312263484,1
PAX5,PNKP,Q96T60,5.33,0.976254834282863,1
PAX5,POLB,P06746,5,0.985770920835586,1
PAX5,UBN1,Q9NPG3,4.67,0.98760067090836,0.97
PAX5,FBXO3,Q9UK99,5.33,0.984405539152493,0.97
PAX5,RAD50,Q92878,6.67,0.981744084501185,1
PAX5,ZNRD2,O60232,25.33,0.997241513147863,1
PAX5,CHD4,Q14839,4.33,0.987517500450507,1
PAX5,XRCC5,P13010,85.33,0.977724179038272,1
PAX5,HLTF,Q14527,11.67,0.979158869436243,1
PAX5,PRKDC,P78527,271.33,0.990587876519594,1
PAX5,PARP2,Q9UGN5,13,0.980115329701557,1
PAX5,POLDIP2,Q9Y2S7,24.67,0.985854091293439,1
PAX5,CABIN1,Q9Y6J0,8,0.985396653775246,1
PAX5,MDC1,Q14676,20.33,0.989652208868743,1
PAX5,XPC,Q01831,8.67,0.993325570757267,1
PAX5,SUPT16H,Q9Y5B9,42.33,0.977259810648591,1
PAX5,CPVL,Q9H3G5,23,0.97426567416587,1
PAX5,TOP2A,P11388,18.67,0.981231200011089,1
PAX5,RNH1,P13489,4,0.975222134431183,1
PAX5,XRCC1,P18887,16,0.98044801153297,1
PAX5,CLPX,O76031,21.33,0.978937081548634,1
PAX5,LIG3,P49916,39.67,0.987482846093068,1
PAX5,RFC1,P35251,10.67,0.981168822167699,1
PAX5,RFC4,P35249,8.33,0.978521229259367,1
NRXN1,ANXA1,P04083,8.33,0.97957472172551,0.95
NRXN1,CAVIN1,Q6NZI2,9.33,0.987371952149263,0.95
NRXN1,AKR1B10,O60218,7.67,0.985271898088466,0.95
NRXN1,PLEC,Q15149,14,0.989465075338573,1
NRXN1,PFKP,Q01813,9.67,0.98594419262278,0.95
NRXN1,LMNA,P02545,9,0.972661177416448,1
SIN3A,ARID4B,Q4LE39,30.33,0.998696996160297,1
SIN3A,OGT,O15294,5,0.988214053035029,1
SIN3A,NRXN1,Q9ULB1,13,0.996915762187938,1
SIN3A,FOXK1,P85037,11.67,0.989520522310475,1
SIN3A,SUDS3,Q9H7L9,17.67,0.997449439292497,1
SIN3A,PHF23,Q9BUL5,9.33,0.997570729543533,1
SIN3A,ARID4A,P29374,6.33,0.996690508864585,1
SIN3A,HBP1,O60381,6.67,0.99682912629434,1
SIN3A,BBX,Q8WY36,49.67,0.999147502807003,1
SIN3A,TNRC18,O15417,4.67,0.994670159825896,1
SIN3A,ING2,Q9H160,4.33,0.995044426886237,1
SIN3A,SINHCAF,Q9NP50,26,0.998683134417322,1
SIN3A,BRMS1L,Q5PSV4,11.33,0.997324683605717,1
SIN3A,SAP30L,Q9HAJ7,11.67,0.997664296308618,1
SIN3A,BRMS1,Q9HCU9,8.67,0.997206858790424,1
SIN3A,SAP130,Q9H0E3,14.67,0.997123688332571,1
SIN3A,SAP30,O75446,19.67,0.997102895718108,1
SIN3A,HDAC1,Q13547,39,0.989160116993111,1
SIN3A,RBBP7,Q16576,62,0.984467916995883,1
SIN3A,RBBP4,Q09028,47.33,0.984107511678518,1
SIN3A,HDAC2,Q92769,30.33,0.99119086233903,1
KCNMA1,JPH1,Q9HDC5,2.33,0.980101467958581,1
KCNMA1,EXD2,Q9NVH0,2.67,0.986214496610804,1
KCNMA1,NRXN1,Q9ULB1,4.67,0.993665183460168,1
KCNMA1,TIMM21,Q9BVV7,3.33,0.971035888052564,1
KCNMA1,FAM162A,Q96A26,10.33,0.989971028957181,1
KCNMA1,SRP19,P09132,2.33,0.982908470911132,1
KCNMA1,FUNDC2,Q9BWH2,11.33,0.997941531168129,1
KCNMA1,MARVELD1,Q9BSK0,3,0.994559265882092,1
KCNMA1,RMDN3,Q96TC7,3.33,0.992629018172745,1
KCNMA1,UBAC2,Q8NBM4,3.67,0.984225336493811,1
KCNMA1,RABL3,Q5HYI8,2.67,0.971923039603,1
KCNMA1,PRKDC,P78527,37.33,0.972574541522851,0.99
KCNMA1,RRBP1,Q9P2E9,3.67,0.97414091847909,1
KCNMA1,LAMP1,P11279,4,0.972948808583191,1
KCNMA1,TNPO1,Q92973,9.33,0.976539000013862,1
SETD5,OGT,O15294,3,0.984370884795054,1
SETD5,TCF25,Q9BQ70,5.67,0.987316505177361,1
SETD5,GPRASP2,Q96D09,2,0.988737333832356,0.99
SETD5,GPS2,Q13227,8.67,0.988716541217893,1
SETD5,MARK2,Q7KZI7,5,0.992313663520051,1
SETD5,FHL3,Q13643,4.33,0.983088673569815,1
SETD5,MPRIP,Q6WCQ1,29,0.978188547427954,0.96
SETD5,LMO7,Q8WWI1,24,0.973309213900556,0.96
SETD5,MYH9,P35579,96.33,0.987898698382335,0.96
SETD5,FLNA,P21333,26,0.975339959246476,0.97
SETD5,DCAF7,P61962,6.67,0.989309130730098,1
SETD5,CLTC,Q00610,16.33,0.972186412719535,1
SETD5,MYO5A,Q9Y4I1,17.67,0.976705340929568,0.95
SETD5,SMC3,Q9UQE7,2.67,0.977398428078346,1
SETD5,CEP164,Q9UPV0,5.33,0.994822638998628,1
SETD5,STUB1,Q9UNE7,9.33,0.972082449647219,1
SETD5,MYO6,Q9UM54,30,0.976116216853107,0.96
SETD5,RAI14,Q9P0K7,31.67,0.981238130882577,0.96
SETD5,MYH14,Q7Z406,15.67,0.979235109022608,0.95
SETD5,PPP1R9B,Q96SB3,7.67,0.979013321135,0.96
SETD5,ANKRD11,Q6UB99,17.33,0.998232627770616,1
SETD5,CTR9,Q6PD62,32.33,0.995113735601114,1
SETD5,NCOR1,O75376,67.33,0.997865291581764,1
SETD5,TBL1X,O60907,29.67,0.995980094537087,1
SETD5,HDAC3,O15379,14.33,0.991620576371273,1
SETD5,PAF1,Q8N7H5,16.33,0.992008705174589,1
SETD5,NCOR2,Q9Y618,46.33,0.99665931994289,1
SETD5,POLDIP2,Q9Y2S7,6,0.971022026309588,1
SETD5,LEO1,Q8WVC0,2.67,0.97879153324739,1
SETD5,WDR61,Q9GZS3,11,0.987392744763727,1
SETD5,TBL1XR1,Q9BZK7,31,0.996867246087523,1
SETD5,CDC73,Q6P1J9,28.33,0.997518748007374,1
SETD5,USP9X,Q93008,60.67,0.989236356579476,1
SETD5,PELP1,Q8IZL8,5,0.974501323796454,1
SETD5,SPECC1L,Q69YQ0,28.67,0.978237063528368,0.96
SETD5,IDE,P14735,49.33,0.997393992320595,1
GABRB2,UGGT1,Q9NYU2,10,0.98272826825245,0.99
GABRB2,HUWE1,Q7Z6Z7,11.33,0.980933172537115,1
GABRB2,CLPB,Q9H078,4.67,0.97501420828655,0.97
GABRB2,DYNC1H1,Q14204,8,0.994517680653165,1
SHANK3,ZCCHC9,Q8N567,3.67,0.984211474750835,1
SHANK3,RBM10,P98175,29.33,0.997213789661912,1
SHANK3,MSI2,Q96DH6,3.33,0.987094717289752,1
SHANK3,WDR48,Q8TAF3,3,0.981286646982992,1
SHANK3,PATZ1,Q9HBE1,4.67,0.99222356219071,1
SHANK3,TSNAX,Q99598,2.33,0.981487642256137,1
SHANK3,RIOK2,Q9BVS4,5.33,0.987281850819922,1
SHANK3,RBM6,P78332,14.67,0.997615780208203,1
SHANK3,MCM10,Q7L590,7,0.989173978736086,1
SHANK3,HERC5,Q9UII4,3.67,0.987302643434386,1
SHANK3,NAA15,Q9BXJ9,7,0.995273145645333,0.98
SHANK3,HYOU1,Q9Y4L1,7,0.975436991447305,1
SHANK3,UPF1,Q92900,16.67,0.979006390263512,1
SHANK3,CAND1,Q86VP6,7.67,0.976078097059924,1
SHANK3,WRNIP1,Q96S55,4,0.974075075199956,1
SHANK3,MOV10,Q9HCE1,13.33,0.979540067368071,1
SHANK3,YTHDC2,Q9H6S0,8,0.979560859982534,1
SHANK3,ZNF768,Q9H5H4,4.67,0.975651848463426,1
SHANK3,BUD13,Q9BRD0,3.33,0.98641549188395,1
SHANK3,ADSL,P30566,8,0.98160546707143,1
SHANK3,AHCYL1,O43865,6.33,0.974584494254308,1
SHANK3,TLN1,Q9Y490,9.67,0.976712271801056,1
SHANK3,DHX30,Q7L2E3,49.67,0.982187660276403,1
SHANK3,COPS2,P61201,2.33,0.981175753039187,1
SHANK3,NAP1L4,Q99733,2,0.973264163235885,0.99
SHANK3,USP9X,Q93008,10.67,0.97273395156707,1
SHANK3,MPHOSPH10,O00566,3.67,0.980032159243703,1
SHANK3,NCKAP1,Q9Y2A7,6.67,0.995910785822209,1
SHANK3,CALU,O43852,11.67,0.978243994399856,1
SHANK3,GPS1,Q13098,2.33,0.977141985833299,1
SHANK3,CAP1,Q01518,7.33,0.972387407992681,1
SHANK3,PDCD11,Q14690,16.33,0.971812145659195,1
SHANK3,IDE,P14735,6.33,0.9895066605675,1
SHANK3,CYB5R3,P00387,3.33,0.97292108509724,1
VEZF1,MRPS9,P82933,3.33,0.972837914639387,1
VEZF1,YTHDC2,Q9H6S0,7.67,0.979103422464341,1
VEZF1,ANKHD1,Q8IWZ3,28.67,0.993568151259339,1
VEZF1,ANKRD17,O75179,19.33,0.994975118171359,1
VEZF1,PYCR3,Q53H96,8.33,0.978632123203172,1
VEZF1,ZC3H8,Q8N5P1,4.67,0.975908290708474,1
ADNP,KDM1A,O60341,14,0.995196906058968,1
ADNP,ZMYM4,Q5VZL5,25.67,0.996492979027183,0.96
ADNP,CHD4,Q14839,97.33,0.998544516987566,1
ADNP,ZMYM3,Q14202,41,0.999022747120223,1
ADNP,CBX1,P83916,13,0.994684021568872,1
ADNP,ZMYM2,Q9UBW7,22.33,0.98809969365548,0.96
ADNP,WIZ,O95785,8,0.97698257578908,0.95
ADNP,ZNF644,Q9H582,10.67,0.983116397055766,0.95
ADNP,ZKSCAN8,Q15776,8.67,0.984641188783078,0.95
ADNP,CUL7,Q14999,8.33,0.97654593088535,0.95
ANK2,FLNB,O75369,34.67,0.985521409462026,1
ANK2,WDR1,O75083,17.67,0.974393895288394,1
ANK2,SNRNP200,O75643,16.67,0.97217255097656,0.99
ANK2,SVIL,O95425,12.33,0.978944012420122,1
ANK2,GABARAP,O95166,3,0.975547885391109,0.98
ANK2,MYO1D,O94832,45.33,0.97557560887706,1
ANK2,MYO1C,O00159,56.33,0.977453875050249,1
ANK2,MYO1B,O43795,65.33,0.974411222467113,1
ANK2,ACTN4,O43707,34.67,0.973094356884435,1
ANK2,P4HB,P07237,7.33,0.971722044329854,0.98
ANK2,MPRIP,Q6WCQ1,44,0.991669092471687,1
ANK2,DYNC1H1,Q14204,22,0.997338545348692,1
ANK2,SPTAN1,Q13813,150.33,0.987011546831899,1
ANK2,DBN1,Q16643,83.67,0.972338891892266,1
ANK2,LMO7,Q8WWI1,41.67,0.98969379409767,1
ANK2,DOCK7,Q96N67,18.67,0.995682067063112,1
ANK2,CTNNA1,P35221,14.67,0.991946327331199,1
ANK2,MYH9,P35579,153,0.990809664407202,1
ANK2,MYH10,P35580,171,0.990393812117936,1
ANK2,FLNA,P21333,27.33,0.975838981993596,1
ANK2,GNAI1,P63096,7,0.984585741811175,1
ANK2,SPTBN1,Q01082,138.33,0.986741242843875,1
ANK2,PRRC2A,P48634,2.67,0.985476358797355,0.99
ANK2,PRPF8,Q6P2Q9,10,0.971115593074673,1
ANK2,SCRIB,Q14160,13.67,0.98660262541412,1
ANK2,CKAP5,Q14008,12.33,0.980205431030898,1
ANK2,CLTC,Q00610,29.33,0.979193523793682,1
ANK2,AKAP2,Q9Y2D5,10,0.979664823054851,1
ANK2,MYO5A,Q9Y4I1,24.33,0.991578991142346,1
ANK2,CDC42BPB,Q9Y5S2,20.67,0.992133460861369,1
ANK2,RAI14,Q9P0K7,49,0.993685976074632,1
ANK2,MYO6,Q9UM54,45.33,0.990165093358839,1
ANK2,MYO5B,Q9ULV0,8,0.989485867953036,1
ANK2,PPP1R9A,Q9ULJ8,3.67,0.984731290112419,1
ANK2,ANP32B,Q92688,3.67,0.981834185830526,1
ANK2,MYO18A,Q92614,15.67,0.991090364702458,1
ANK2,LSR,Q86X29,4.33,0.979942057914362,1
ANK2,MYH14,Q7Z406,23.33,0.99384538611885,1
ANK2,PPP1R9B,Q96SB3,10,0.994663228954409,1
ANK2,RACGAP1,Q9H0H5,3.33,0.984086719064055,1
ANK2,NDE1,Q9NXR1,7.33,0.991371064997713,1
ANK2,MYO5C,Q9NQX4,21.67,0.9916621616002,1
ANK2,NOL10,Q9BSC4,3.33,0.980538112862311,1
ANK2,CORO1B,Q9BR76,3.33,0.982506480364841,1
ANK2,PELP1,Q8IZL8,5.33,0.975409267961353,1
ANK2,SUPT16H,Q9Y5B9,32.33,0.974064678892724,1
ANK2,EPB41L2,O43491,12.33,0.972318099277803,1
ANK2,SPTBN2,O15020,58.33,0.990823526150178,1
ANK2,PPP1R12A,O14974,29,0.987157095133142,1
ANK2,ABLIM1,O14639,5,0.984301576080176,1
ANK2,LIMA1,Q9UHB6,78,0.97648355304196,1
ANK2,SND1,Q7KZF4,18.33,0.98360155805991,1
ANK2,FLOT1,O75955,9,0.976940990560153,1
ANK2,ATAD3B,Q5T9A4,23.67,0.973080495141459,1
ANK2,TJP1,Q07157,12,0.980967826894554,1
ANK2,FLII,Q13045,8.33,0.983615419802886,1
ANK2,OGDH,Q02218,7.33,0.979706408283778,1
ANK2,GABARAPL2,P60520,13.67,0.99753260975035,1
ANK2,LACTB,P83111,4.67,0.975464714933256,1
ANK2,SPECC1,Q5M775,15.33,0.986380837526511,1
ANK2,DNAJC21,Q5F1R6,2.33,0.987274919948434,0.99
ANK2,CDC42BPA,Q5VT25,44.67,0.9867273811009,1
ANK2,MEAK7,Q6P9B6,3.67,0.971410155112904,1
ANK2,SPECC1L,Q69YQ0,51.33,0.992646345351464,1
ANK2,PDCD11,Q14690,37.33,0.981421798977003,1
ANK2,ITPR3,Q14573,15.67,0.988342274157553,1
ANK2,ITPR2,Q14571,12,0.984752082726882,1
ANK2,FLOT2,Q14254,11.67,0.97692019794569,1
ANK2,MAPRE1,Q15691,8,0.981875771059453,1
ANK2,NUMA1,Q14980,32,0.980794555107359,1
ANK2,IDE,P14735,22.67,0.995418693946577,1
ANK2,PRKAR2A,P13861,4,0.975194410945232,1
ANK2,ACTN1,P12814,10.33,0.97741922069281,1
ANK2,DNAJB1,P25685,8.33,0.976088493367156,1
ANK2,OAT,P04181,5,0.990775010049764,1
ANK2,CYB5R3,P00387,3,0.971441344034599,1
ANK2,PRPF6,O94906,4,0.981515365742088,1
ANK2,TPM1,P09493,6.33,0.975125102230354,1
ANK2,ANXA6,P08133,5,0.979456896910218,1
ANK2,PYGL,P06737,8.67,0.976951386867385,1
ANK2,HINT1,P49773,5,0.983421355401228,1
ANK2,SARS1,P49591,5.33,0.973031979041045,1
ANK2,IQGAP1,P46940,8.33,0.982825300453279,1
ANK2,MKI67,P46013,26,0.983764433539873,1
ANK2,AFDN,P55196,6,0.986678865000485,1
ANK2,DAPK1,P53355,8.33,0.981432195284235,1
ANK2,PGD,P52209,4.33,0.971285399426124,1
ANK2,HSD17B4,P51659,6.33,0.987614532651336,1
ANK2,MTREX,P42285,5.33,0.974820143884892,1
ANK2,ATIC,P31939,6,0.974813213013404,1
ANK2,ITPRID2,P28290,19.33,0.983629281545862,1
NRXN1,NRXN2,Q9P2S2,5.33,0.991606714628297,0.99
NRXN1,LRCH2,Q5VUJ6,4.33,0.984904561899613,1
NRXN1,GCN1,Q92616,6.33,0.974286466780333,0.95
NRXN1,SIPA1L3,O60292,6.67,0.984176820393396,1
NRXN1,PALS1,Q8N3R9,5.33,0.983137189670229,1
NRXN1,FLNB,O75369,73,0.990698770463398,1
NRXN1,WDR1,O75083,23.67,0.977848934725052,1
NRXN1,SVIL,O95425,18,0.982582719951207,1
NRXN1,MYO1D,O94832,51,0.976726133544032,1
NRXN1,MYO1B,O43795,75.33,0.976109285981619,1
NRXN1,MYO1C,O00159,57,0.977627146837443,1
NRXN1,ACTN4,O43707,49.67,0.977363773720908,1
NRXN1,MPRIP,Q6WCQ1,44.67,0.991897811230784,1
NRXN1,DYNC1H1,Q14204,22.33,0.997359337963156,1
NRXN1,DSG2,Q14126,58,0.972727020695582,1
NRXN1,SPTAN1,Q13813,151.33,0.987053132060825,1
NRXN1,DBN1,Q16643,90.33,0.973316144772044,1
NRXN1,PLEC,Q15149,30,0.993464188187023,1
NRXN1,XPO5,Q9HAV4,7,0.980337117589166,1
NRXN1,LMO7,Q8WWI1,34,0.98828682718565,1
NRXN1,DOCK7,Q96N67,23,0.996222675039159,1
NRXN1,CTNNA1,P35221,13,0.991177000596055,1
NRXN1,MYH9,P35579,121,0.989534384053451,1
NRXN1,MYH10,P35580,157.33,0.989936374599742,1
NRXN1,FLNA,P21333,56.67,0.983386701043789,1
NRXN1,GNAI1,P63096,8,0.985611510791367,1
NRXN1,SPTBN1,Q01082,145,0.987066993803801,1
NRXN1,SCRIB,Q14160,17.67,0.98853633855921,0.99
NRXN1,CLTC,Q00610,31,0.979872749199484,1
NRXN1,AKAP2,Q9Y2D5,18.67,0.985216451116563,1
NRXN1,CDC42BPB,Q9Y5S2,41.67,0.995162251701529,1
NRXN1,MYO5A,Q9Y4I1,36.33,0.993588943873803,1
NRXN1,RAI14,Q9P0K7,51,0.993914694833728,1
NRXN1,TMOD2,Q9NZR1,7.67,0.972782467667485,0.95
NRXN1,MYO6,Q9UM54,61,0.991925534716735,1
NRXN1,MYO5B,Q9ULV0,13.33,0.992244354805173,1
NRXN1,SH3BGRL2,Q9UJC5,3,0.976234041668399,1
NRXN1,MYO18A,Q92614,40,0.995363246974675,1
NRXN1,MYH14,Q7Z406,25.33,0.994219653179191,1
NRXN1,FMNL2,Q96PY5,14,0.988252172828211,1
NRXN1,MYO5C,Q9NQX4,24,0.992320594391539,1
NRXN1,PPP1R9B,Q96SB3,15.33,0.995896924079234,1
NRXN1,KIAA1671,Q9BY89,24,0.992840409753122,1
NRXN1,CADM1,Q9BY67,4.67,0.975187480073745,1
NRXN1,SND1,Q7KZF4,6.67,0.972636919366241,1
NRXN1,TNPO1,Q92973,12,0.979553929111047,1
NRXN1,IMMT,Q16891,16.67,0.973863683619578,0.99
NRXN1,EPB41L2,O43491,19,0.977585561608517,1
NRXN1,SPTBN2,O15020,63.67,0.991246309310933,1
NRXN1,PPP1R12A,O14974,29.67,0.987330366920337,1
NRXN1,PLEKHG3,A1L390,9,0.975596401491524,1
NRXN1,LIMA1,Q9UHB6,74.67,0.976060769881205,1
NRXN1,NEXN,Q0ZGT2,21,0.973877545362554,1
NRXN1,TJP1,Q07157,21,0.985625372534342,1
NRXN1,LMNB2,Q03252,18.33,0.971347777269514,0.99
NRXN1,TWF1,Q12792,7.67,0.980746039006945,1
NRXN1,FLII,Q13045,12.67,0.986831344173216,0.95
NRXN1,MYO1E,Q12965,7.33,0.988577923788137,1
NRXN1,DLG1,Q12959,2.67,0.987489776964556,1
NRXN1,RHOG,P84095,3.67,0.972352753635242,1
NRXN1,SPECC1,Q5M775,20,0.988467029844333,1
NRXN1,MEAK7,Q6P9B6,5.33,0.976185525567985,1
NRXN1,SPECC1L,Q69YQ0,38.67,0.991142346238616,1
NRXN1,CDC42BPA,Q5VT25,68.67,0.989776964555523,1
NRXN1,ITPR2,Q14571,18,0.987905629253822,1
NRXN1,FLOT2,Q14254,14.67,0.979595514339973,1
NRXN1,ITPR3,Q14573,25.67,0.991280963668372,1
NRXN1,MAPRE1,Q15691,4.33,0.975312235760524,1
NRXN1,AFDN,P55196,12.33,0.991294825411347,1
NRXN1,PRKAR2A,P13861,6,0.979838094842045,1
NRXN1,ACTN1,P12814,24.67,0.98556992556244,1
NRXN1,CDH2,P19022,8.67,0.971146781996368,1
NRXN1,LMNA,P02545,11,0.975350355553707,1
NRXN1,OAT,P04181,2.67,0.986443215369901,1
NRXN1,TPM1,P09493,5.67,0.973704273575359,1
NRXN1,NEFM,P07197,8,0.973458227637543,1
NRXN1,PYGL,P06737,7,0.974529047282405,1
NRXN1,GSN,P06396,6,0.972768605924509,1
NRXN1,FYN,P06241,12,0.971451740341831,1
NRXN1,HINT1,P49773,3,0.978431127930026,1
NRXN1,IQGAP1,P46940,18.33,0.989104670021208,1
NRXN1,CACNA2D1,P54289,12.67,0.973219112571215,1
NRXN1,DAPK1,P53355,11.33,0.984204543879347,1
NRXN1,FLOT1,O75955,15.67,0.982645097794597,1
NRXN1,ATIC,P31939,5,0.972477509322022,1
NRXN1,ITPRID2,P28290,28.33,0.986574901928168,1
NRXN1,CALR,P27797,26,0.979851956585021,1
SLC6A1,IMMT,Q16891,14,0.971555703414147,1
SLC6A1,MYH9,P35579,24.67,0.975374613603914,0.96
SLC6A1,RTN3,O95197,5.33,0.972456716707559,1
SLC6A1,RABL3,Q5HYI8,5,0.97951234388212,1
SLC6A1,NT5C3A,Q9H0P0,2.33,0.98975617194106,1
SLC6A1,NPTN,Q9Y639,6.67,0.995737514035015,1
SLC6A1,AUP1,Q9Y679,7.67,0.981695568400771,1
SLC6A1,SLC39A14,Q15043,2,0.97298346294063,0.99
SLC6A1,CERS2,Q96G23,4,0.97766873206637,1
POGZ,PRDM10,Q9NQV6,3,0.989638347125768,0.96
POGZ,CHAMP1,Q96JM3,38.33,0.998537586116078,1
POGZ,ZNF428,Q96B54,3.33,0.993758750225253,1
POGZ,HOMEZ,Q8IX15,13.33,0.998149457312762,1
POGZ,CBX1,P83916,9,0.993076059383707,1
POGZ,HDGFL2,Q7Z4V5,18.33,0.992272078291124,1
POGZ,WIZ,O95785,14.33,0.994843431613091,1
POGZ,EHMT2,Q96KQ7,18.33,0.997442508421009,1
POGZ,EHMT1,Q9H9B1,15.67,0.996894969573474,1
POGZ,ZNF644,Q9H582,23,0.997373199706131,1
POGZ,ZBTB33,Q86T24,3.33,0.978365284650892,0.96
CHD2,CHD1,O14646,4,0.989783895427011,1
LRRC4C,CIP2A,Q8TCG1,8.33,0.989527453181963,1
LRRC4C,DSC3,Q14574,2.67,0.98525803634549,1
LRRC4C,UBR1,Q8IWV7,3,0.993124575484121,1
LRRC4C,GCN1,Q92616,3.33,0.986800155251521,0.95
LRRC4C,P3H1,Q32P28,5.33,0.97907569897839,1
LRRC4C,MON2,Q7Z3U7,3.67,0.990400742989424,1
LRRC4C,XPO4,Q9C0E2,4.67,0.987060062932313,1
LRRC4C,TNPO2,O14787,3,0.981820324087551,1
LRRC4C,TNPO3,Q9Y5L0,5,0.983047088340888,1
LRRC4C,SLC39A11,Q8N1S5,3,0.994559265882092,1
LRRC4C,ATE1,O95260,5,0.990996797937373,1
LRRC4C,CLPB,Q9H078,3.67,0.971867592631098,0.98
LRRC4C,XPO5,Q9HAV4,9.67,0.983213429256595,1
LRRC4C,P4HB,P07237,10.33,0.975991461166327,1
LRRC4C,CKAP4,Q07065,20.33,0.984308506951664,1
LRRC4C,PRKDC,P78527,65,0.979228178151121,1
LRRC4C,GLA,P06280,3,0.979657892183363,1
LRRC4C,SEL1L,Q9UBV2,7.67,0.986762035458338,1
LRRC4C,ERLEC1,Q96DZ1,4.67,0.980940103408603,1
LRRC4C,TNPO1,Q92973,28.33,0.986921445502557,1
LRRC4C,ERP44,Q9BS26,12.33,0.994198860564727,1
LRRC4C,IPO9,Q96P70,5.67,0.972844845510875,0.97
LRRC4C,UGGT1,Q9NYU2,24,0.989548245796426,1
LRRC4C,SELENOF,O60613,3.33,0.97601225378079,1
NSD1,PTPN13,Q12923,23.33,0.996139504581306,1
NSD1,MLYCD,O95822,23,0.998398968686323,1
NSD1,DDX31,Q9H8H2,3,0.97754397637959,1
NSD1,ANKRD17,O75179,3,0.984058995578104,0.96
NSD1,DDX51,Q8N8A6,3.67,0.979255901637072,1
NSD1,PELP1,Q8IZL8,4,0.971604219514562,1
NSD1,PUM3,Q15397,12,0.981972803260282,1
NSD1,PDCD11,Q14690,37.33,0.981421798977003,1
NSD1,PRPF6,O94906,2.33,0.975707295435328,1
KMT2E,CLK2,P49760,2.33,0.973648826603457,0.95
KMT2E,OGT,O15294,24.33,0.995806822749892,1
KMT2E,UBR1,Q8IWV7,32.67,0.998745512260712,1
KMT2E,GPS2,Q13227,3.33,0.981050997352407,1
KMT2E,FOXK1,P85037,6,0.984516433096297,1
KMT2E,CPSF1,Q10570,6,0.991398788483664,1
KMT2E,P3H1,Q32P28,17,0.98894525997699,1
KMT2E,CRTAP,O75718,4.67,0.980087606215606,1
KMT2E,WWP2,O00308,13.67,0.996680112557353,1
KMT2E,MYH9,P35579,26.33,0.975977599423352,0.96
KMT2E,HCFC1,P51610,54.33,0.985999639594683,1
KMT2E,ANKRD11,Q6UB99,15.67,0.998080148597885,1
KMT2E,NCOR1,O75376,15,0.99359587474529,1
KMT2E,TBL1X,O60907,6,0.988931398234014,1
KMT2E,HDAC3,O15379,3.67,0.981965872388794,1
KMT2E,NCOR2,Q9Y618,9,0.989922512856767,1
KMT2E,TBL1XR1,Q9BZK7,12.33,0.994101828363898,1
KMT2E,CPSF2,Q9P2I0,2,0.980461873275946,0.99
UBR1,IDH3A,P50213,34,0.99709596484662,1
UBR1,STMN1,P16949,3,0.975256788788622,1
UBR1,NADK2,Q4G0N4,28.33,0.995917716693697,1
UBR1,PRDX4,Q13162,9,0.981508434870601,1
UBR1,TRIM33,Q9UPN9,2.67,0.982069835461111,0.99
UBR1,AGPS,O00116,30.33,0.997400923192082,1
UBR1,METTL15,A6NJ78,17.33,0.9950652195007,1
UBR1,IMMT,Q16891,59,0.986242220096755,1
UBR1,MRPL4,Q9BYD3,9.33,0.984668912269029,1
UBR1,NDUFAF3,Q9BU61,9,0.994184998821752,1
UBR1,COQ8A,Q8NI60,25,0.985909538265341,1
UBR1,NDUFAF4,Q9P032,9.33,0.986360044912047,1
UBR1,MRPS9,P82933,13.67,0.986824413301728,1
UBR1,CEP170,Q5SW79,2.67,0.986886791145119,0.99
UBR1,CDC73,Q6P1J9,3.33,0.989264080065427,1
UBR1,DARS2,Q6PI48,19.33,0.994295892765556,1
UBR1,MRPL40,Q9NQ50,8.67,0.981245061754065,1
UBR1,MRPL55,Q7Z7F7,7.33,0.990338365146034,1
UBR1,NDUFA10,O95299,9,0.979602445211461,1
UBR1,TIMM44,O43615,7,0.983081742698327,1
UBR1,USO1,O60763,3.67,0.980579698091238,1
UBR1,NDUFS2,O75306,9.67,0.975041931772501,1
UBR1,MRPS2,Q9Y399,8,0.989180909607574,1
UBR1,ALDH18A1,P54886,72.67,0.973135942113361,1
UBR1,ECI2,O75521,21,0.982139144175989,1
UBR1,PRRC2A,P48634,4.67,0.989645277997255,1
UBR1,FECH,P22830,23.33,0.983636212417349,1
UBR1,ECH1,Q13011,20.67,0.997227651404888,1
UBR1,LONP1,P36776,58.33,0.99747023190696,1
UBR1,ATXN2,Q99700,3.33,0.976656824829154,0.99
UBR1,TARS2,Q9BW92,38,0.995155320830041,1
UBR1,CDK5RAP1,Q96SZ6,18.33,0.989950236342718,1
UBR1,DOCK7,Q96N67,6,0.990781940921252,1
UBR1,CLPB,Q9H078,49,0.993332501628755,1
UBR1,MRPL46,Q9H2W6,11.67,0.971902246988537,1
UBR1,NSUN4,Q96CB9,8.67,0.976275626897326,1
UBR1,OPA1,O60313,6.67,0.978555883616806,1
UBR1,NIPSNAP2,O75323,20.33,0.990913627479519,1
UBR1,MTX2,O75431,6,0.983469871501643,1
UBR1,SLC39A10,Q9ULF5,10.33,0.996215744167672,1
UBR1,RPRD2,Q5VT52,3.67,0.989718052147877,1
UBR1,SARS2,Q9NP81,27.67,0.998627687445419,1
UBR1,FUCA2,Q9BTY2,3.67,0.989298734422866,0.96
UBR1,SIL1,Q9H173,10.67,0.996319707239988,1
UBR1,MICU2,Q8IYU8,7.67,0.996520702513134,1
UBR1,MRPL45,Q9BRJ2,9.67,0.991572060270858,1
UBR1,COLGALT1,Q8NBJ5,25.67,0.997331614477204,1
UBR1,OCRL,Q01968,9.67,0.994226584050678,1
UBR1,FASTKD2,Q9NYY8,12,0.997754397637959,1
UBR1,NME6,O75414,5.67,0.995137993651322,1
UBR1,VARS2,Q5ST30,14.67,0.998087079469372,1
UBR1,ZYX,Q15942,4.33,0.990934420093983,1
UBR1,ARHGEF1,Q92888,4.33,0.995044426886237,1
UBR1,PARL,Q9H300,3,0.993166160713048,0.96
UBR1,COQ10B,Q9H8M1,4,0.995460279175504,1
UBR1,MRPS18A,Q9NVS2,2,0.992732981245062,0.99
UBR1,ACOT9,Q9Y305,16.67,0.997983116397056,1
UBR1,ZC3H7A,Q8IWR0,6,0.993582013002315,0.96
UBR1,PDSS2,Q86YH6,7,0.996936554802401,1
UBR1,NRP1,O14786,7.33,0.997071706796412,1
UBR1,FARS2,O95363,11.33,0.997941531168129,1
UBR1,ADGRL2,O95490,4,0.994763726590982,1
UBR1,NUDT6,P53370,4,0.995460279175504,1
UBR1,GXYLT1,Q4G148,2.33,0.993387948600657,1
UBR1,PDSS1,Q5T2R2,3.67,0.995235025852151,1
UBR1,VAMP3,Q15836,2,0.977038022760982,0.99
UBR1,ACADSB,P45954,3.67,0.993249331170901,1
UBR1,STIM1,Q13586,3,0.993166160713048,0.96
UBR1,CCDC51,Q96ER9,5.67,0.995137993651322,1
UBR1,SLC39A6,Q13433,3.33,0.991170069724567,0.95
UBR1,CLCC1,Q96S66,24.33,0.998759374003687,1
UBR1,PRCP,P42785,2.67,0.98703927031785,1
UBR1,PPIC,P45877,4,0.994763726590982,1
UBR1,TMLHE,Q9NVH6,3.33,0.976739995287007,1
UBR1,NARS2,Q96I59,2,0.981342093954894,0.99
UBR1,MICU1,Q9BPX6,5,0.990885903993568,0.97
UBR1,PISD,Q9UG56,7,0.990199747716278,1
UBR1,IDH3G,P51553,13,0.997511817135887,1
UBR1,COQ8B,Q96D53,10,0.995903854950722,1
UBR1,MRPS23,Q9Y3D9,6.67,0.97248444019351,1
UBR1,MRPL50,Q8N5N7,6.67,0.992105737375418,1
UBR1,MRPL38,Q96DV4,8,0.991551267656395,1
UBR1,NUBPL,Q8TB37,12,0.996700905171816,1
UBR1,SMOC1,Q9H4F8,4,0.994763726590982,1
UBR1,WARS2,Q9UGM6,29.67,0.998863337076004,1
UBR1,MRPL3,P09001,3,0.981889632802429,1
UBR1,HLA-C,P10321,7.67,0.97204779528978,1
UBR1,EIF4ENIF1,Q9NRA8,3.67,0.983362442993582,1
UBR1,TFB2M,Q9H5Q4,6,0.982180729404915,1
UBR1,MRPL17,Q9NRX2,4,0.977273672391566,1
UBR1,YME1L1,Q96TA2,52.67,0.992542382279148,1
UBR1,AFG3L2,Q9Y4W6,32.67,0.99203642866054,1
UBR1,ACAA1,P09110,12,0.997733605023496,1
UBR1,METAP1D,Q6UB28,3.67,0.993200815070487,1
UBR1,MRPL49,Q13405,2.67,0.992476539000014,1
UBR1,TRMT61B,Q9BVS5,20.33,0.998516793501615,1
UBR1,MRPS28,Q9Y2Q9,6.33,0.986055086566585,1
UBR1,PPP2R5D,Q14738,2.67,0.992292870905588,0.95
UBR1,RCC1L,Q96I51,15,0.994995910785822,1
UBR1,ALDH6A1,Q02252,45.33,0.999029677991711,1
UBR1,CIP2A,Q8TCG1,11.67,0.991315618025811,1
DYRK1A,BCR,P11274,16.67,0.99778212112391,1
DYRK1A,EDC4,Q6P2E9,71,0.999085124963613,1
DYRK1A,YWHAG,P61981,19,0.977287534134542,1
DYRK1A,YWHAH,Q04917,18.67,0.972498301936486,1
DYRK1A,DDB1,Q16531,51.67,0.985486755104587,1
DYRK1A,RNF169,Q8NCN4,21.33,0.996146435452794,1
DYRK1A,CALU,O43852,15.33,0.981113375195797,1
DYRK1A,USP9X,Q93008,13.67,0.975845912865084,1
DYRK1A,PRKAR1A,P10644,10.67,0.98841158287243,1
DYRK1A,MRE11,P49959,13,0.986997685088923,1
DYRK1A,XRN1,Q8IZH2,33.67,0.99803163249747,1
DYRK1A,MRPS9,P82933,4,0.975267185095854,0.96
DYRK1A,ZC3H18,Q86VM9,11,0.991565129399371,1
DYRK1A,WDR61,Q9GZS3,4.33,0.97944996603873,1
DYRK1A,YTHDC2,Q9H6S0,7.33,0.978583607102757,1
DYRK1A,MOV10,Q9HCE1,13,0.979290555994511,1
DYRK1A,DHX30,Q7L2E3,19.33,0.971500256442245,1
DYRK1A,LRCH3,Q96II8,26.33,0.993796870018436,1
DYRK1A,NXF1,Q9UBU9,4.67,0.980399495432555,1
DYRK1A,DCAF7,P61962,27.33,0.995730583163527,1
DYRK1A,CTBP2,P56545,11.33,0.975586005184292,1
DYRK1A,DOCK7,Q96N67,66,0.998308867356981,1
DYRK1A,EDC3,Q96F86,22,0.987254127333971,1
DYRK1A,USP34,Q70CQ2,34.67,0.997477162778448,1
DYRK1A,SEC16A,O15027,5.67,0.986748173715363,1
DYRK1A,RBL1,P28749,7,0.986855602223424,1
DYRK1A,OTUD4,Q01804,16,0.995287007388309,1
DYRK1A,TROAP,Q12815,8,0.994094897492411,1
DYRK1A,CCDC8,Q9H0W5,16.67,0.996797937372645,1
DYRK1A,LRCH2,Q5VUJ6,9.33,0.990296779917107,1
DYRK1A,XPNPEP3,Q9NQH7,4.67,0.989797757169986,1
DYRK1A,LRCH1,Q9Y2L9,2.33,0.983670866774788,1
DYRK1A,DOCK6,Q96HP0,6,0.993297847271316,1
DYRK1A,UBR5,O95071,3,0.97841726618705,1
DYRK1A,LZTS2,Q9BRK4,9.33,0.993935487448192,1
DYRK1A,FNTB,P49356,13,0.998017770754495,1
DYRK1A,EP300,Q09472,13,0.995335523488724,1
DYRK1A,CTBP1,Q13363,6.67,0.987080855546776,1
DYRK1A,BIRC2,Q13490,4.33,0.993679045203144,0.96
DYRK1A,FAM53B,Q14153,4.67,0.995869200593282,1
DYRK1A,SKIV2L,Q15477,4.67,0.993997865291582,1
DYRK1A,FAM117B,Q6P1L5,22,0.997276167505302,1
DYRK1A,TTC37,Q6PGP7,9.67,0.997640038258411,1
DYRK1A,USP54,Q70EL1,14.33,0.995924647565185,1
DYRK1A,FNTA,P49354,21.67,0.998482139144176,1
DYRK1A,LSM1,O15116,2,0.976927128817178,0.99
DYRK1A,FARP2,O94887,2,0.985355068546319,0.99
DYRK1A,RB1,P06400,12,0.993491911672974,1
DYRK1A,PRKCI,P41743,6.67,0.990227471202229,1
DYRK1A,PATL1,Q86TB9,7.33,0.995072150372188,1
DYRK1A,DCP1A,Q9NPI6,12.33,0.995023634271773,1
DYRK1A,RNF216,Q9NWF9,15,0.997553402364813,1
DYRK1A,FAM53C,Q9NYF3,8.67,0.996167228067257,1
DYRK1A,ZC3H4,Q9UPT8,6,0.995373643281906,1
DYRK1A,RAD54L2,Q9Y4B4,64,0.999202949778905,1
DYRK1A,DCAF1,Q9Y4B6,93.67,0.99900195450576,1
DYRK1A,GLCCI1,Q86VQ1,12.33,0.995758306649478,1
DYRK1A,DCP2,Q8IU60,7.33,0.997071706796412,1
DYRK1A,PJA1,Q8NG27,3,0.993166160713048,0.96
DYRK1A,PARD3,Q8TEW0,43,0.998322729099957,1
DYRK1A,TRIM41,Q8WV44,4.33,0.986339252297584,1
DYRK1A,TSC1,Q92574,7.67,0.996881107830499,1
DYRK1A,CREBBP,Q92793,18,0.998059355983421,1
DYRK1A,MYCBP,Q99417,4.67,0.987857113153408,1
DYRK1A,PAIP2,Q9BPZ3,2.67,0.980610887012933,1
DYRK1A,TCF25,Q9BQ70,3.67,0.984100580807031,1
DYRK1A,DDA1,Q9BW61,10,0.994302823637044,1
DYRK1A,FAM117A,Q9C073,11.67,0.997671227180106,1
DYRK1A,TRAF7,Q6Q0C0,9,0.996985070902815,1
DYRK1A,CACTIN,Q8WUQ7,3.33,0.979845025713533,0.98
DYRK1A,APC,P25054,12.67,0.997366268834643,1
DYRK1A,TRAF2,Q12933,30.33,0.997740535894984,1
DYRK1A,EVI5L,Q96CN4,9.67,0.996569218613548,1
GABRB3,RAB5C,P51148,6,0.994808777255652,0.98
GABRB3,UGGT1,Q9NYU2,13,0.984918423642589,1
STXBP1,PLOD3,O60568,16.33,0.990158162487351,1
STXBP1,MEN1,O00255,2.67,0.994053312263484,0.99
STXBP1,STXBP2,Q15833,3,0.989475471645805,1
STXBP1,EXOC1,Q9NV70,2.33,0.991516613298956,0.99
STXBP1,ZNRD2,O60232,2.33,0.98635311404056,0.99
STXBP1,SNRNP200,O75643,21,0.975152825716306,1
STXBP1,DOCK7,Q96N67,10,0.993308243578548,1
STXBP1,PRPF8,Q6P2Q9,29.67,0.983372839300814,1
STXBP1,DDX23,Q9BUQ8,3.33,0.985687750377732,0.96
STXBP1,PRPF6,O94906,6.33,0.985375861160782,1
STXBP1,HINT1,P49773,5.67,0.984454055252908,1
KMT2C,DDB1,Q16531,24.67,0.978916288934171,1
KMT2C,DPY30,Q9C005,7.33,0.973524070916677,1
KMT2C,PAXIP1,Q6ZW49,11.67,0.996111781095355,1
KMT2C,ASH2L,Q9UBL3,33,0.998988092762784,1
KMT2C,TCAF1,Q9Y4C2,9,0.992875064110561,1
KMT2C,RBBP5,Q15291,21,0.997179135304473,1
KMT2C,NCOA6,Q14686,3,0.991908207538016,1
KMT2C,DCAF1,Q9Y4B6,50.67,0.998461346529713,1
KMT2C,DDA1,Q9BW61,4,0.989686863226182,1
DYNC1H1,DYNC1LI2,O43237,7.33,0.996732094093511,0.95
DYNC1H1,DYNC1LI1,Q9Y6G9,15,0.996638527328426,0.95
DYNC1H1,DYNC1I2,Q13409,13.67,0.996596942099499,1
DYNC1H1,CALU,O43852,6.67,0.971167574610832,0.98
DYNC1H1,PAFAH1B1,P43034,6.33,0.981952010645819,0.95
CACNA2D3,YME1L1,Q96TA2,5,0.972539887165412,1
CACNA2D3,BAG6,P46379,4,0.971822541966427,1
DSCAM,DYRK1A,Q13627,12.33,0.996645458199914,1
DSCAM,AQR,O60306,2.67,0.987971472532956,0.99
DSCAM,FANCI,Q9NVI1,8.33,0.983774829847105,1
DSCAM,ATP2B1,P20020,2.67,0.98413523516447,0.99
DSCAM,DCAF7,P61962,7.67,0.990019545057596,1
DSCAM,PRKDC,P78527,38.33,0.972941877711704,1
DSCAM,XPOT,O43592,14.33,0.971770560430268,1
GRIN2B,HSPA6,P17066,4,0.976462760427496,1
GRIN2B,BAG6,P46379,7,0.978625192331684,1
GRIN2B,UBR2,Q8IWV8,11,0.991932465588223,1
GRIN2B,MRPS5,P82675,4,0.979408380809803,1
GRIN2B,PYCR3,Q53H96,5.33,0.973378522615434,1
GRIN2B,FBXO3,Q9UK99,3,0.979041044620951,1
GRIN2B,TRIM68,Q6AZZ1,6,0.99309685199817,1
GRIN2B,PRKAA1,Q13131,2.67,0.972709693516863,0.99
GRIN2B,NUP155,O75694,3.67,0.978677173867842,0.99
GRIN2B,MRPS2,Q9Y399,3,0.981362886569357,1
GRIN2B,HERC2,O95714,10.33,0.993956280062655,1
GRIN2B,MRPS9,P82933,5.33,0.978535091002343,1
GRIN2B,USP9X,Q93008,59.67,0.989146255250135,1
GRIN2B,YWHAG,P61981,18.67,0.977096935168628,1
GRIN2B,IDE,P14735,132.67,0.998717788774761,1
MBD5,BAP1,Q92560,5.67,0.991308687154323,1
MBD5,CLTB,P09497,4.67,0.980302463231727,1
MBD5,BMP2K,Q9NSY1,6,0.987385813892239,1
MBD5,AP2A2,O94973,10.67,0.987642256137287,1
MBD5,MMS19,Q96T76,25.33,0.993484980801486,1
MBD5,CIAO1,O76071,8.33,0.993907763962241,1
MBD5,CLTC,Q00610,88.67,0.988529407687723,1
MBD5,RAI14,Q9P0K7,3.33,0.971583426900098,0.96
MBD5,MYO6,Q9UM54,30.33,0.987531362193482,1
MBD5,AP2M1,Q96CW1,8.67,0.981556950971015,1
MBD5,KIAA1671,Q9BY89,7.33,0.985105557172759,0.97
MBD5,AP2B1,P63010,6.67,0.982534203850792,1
MBD5,AP2A1,O95782,15.67,0.98963141625428,1
MBD5,AP2S1,P53680,3.33,0.990615600005545,1
MBD5,PPP1R12A,O14974,7.33,0.973898337977017,0.99
MBD5,MIB1,Q86YT6,2.67,0.978264787014319,0.99
MBD5,CLTA,P09496,7,0.971784422173244,1
NCOA1,CLTC,Q00610,57,0.985209520245076,1
NCOA1,MED15,Q96RN5,3,0.985043179329369,1
NCOA1,CLTB,P09497,3.33,0.976407313455594,1
PTEN,SNX27,Q96L92,3,0.972928015968728,1
DEAF1,FHL2,Q14192,6.33,0.988938329105502,1
DEAF1,AMOTL1,Q8IY63,3.33,0.971195298096783,1
DEAF1,CEP76,Q8TAP6,3,0.989229425707989,1
DEAF1,FLNB,O75369,9,0.97138936249844,1
DEAF1,LMO7,Q8WWI1,9.33,0.976532069142374,1
DEAF1,MYH10,P35580,57,0.982194591147891,1
DEAF1,SPTBN1,Q01082,59,0.979401449938315,0.99
DEAF1,CDC42BPA,Q5VT25,16.67,0.977814280367613,0.99
SCN1A,CDC42BPA,Q5VT25,18.33,0.97895094329161,0.96
SCN1A,HERC2,O95714,55,0.998211835156152,1
SCN1A,DYNC1H1,Q14204,2.67,0.988765057318307,0.99
SCN1A,RABL3,Q5HYI8,3.33,0.974847867370843,1
SCN1A,NEURL4,Q96JN8,11.67,0.994968187299871,1
SCN1A,SCN2A,Q99250,2.67,0.988328412414577,1
SCN1A,EMC1,Q8N766,8.33,0.989617554511304,1
SCN1A,PIGK,Q92643,5,0.979630168697412,1
SCN1A,DNAJC16,Q9Y2G8,24.33,0.995633550962698,1
SCN1A,DHCR24,Q15392,8.67,0.976805838566141,1
SCN1A,RER1,O15258,3.33,0.972432458657352,1
SCN2A,CDC42BPA,Q5VT25,22,0.980912379922652,0.99
PRR12,HIP1,O00291,4.33,0.980046020986679,0.95
PRR12,CLTB,P09497,11.33,0.987656117880262,1
PRR12,IGF2R,P11717,18,0.995598896605259,1
PRR12,REPS1,Q96D71,9.33,0.991301756282835,1
PRR12,VTI1B,Q9UEU0,3.67,0.971084404152978,1
PRR12,BMP2K,Q9NSY1,21.33,0.994483026295726,1
PRR12,AP1B1,Q10567,5.33,0.986900652888094,1
PRR12,AP2A2,O94973,25,0.992798824524196,1
PRR12,IRF2BP1,Q8IU81,20.67,0.992826548010147,1
PRR12,P3H1,Q32P28,9,0.984093649935543,1
PRR12,GAK,O14976,9.67,0.994836500741603,1
PRR12,SEC16A,O15027,32,0.995668205320137,1
PRR12,STX8,Q9UNK0,3,0.993166160713048,1
PRR12,CRTAP,O75718,3.67,0.977280603263054,1
PRR12,QRICH1,Q2TAL8,22.67,0.998620756573932,1
PRR12,AP1G1,O43747,5,0.990324503403058,1
PRR12,AP1M1,Q9BXS5,4.67,0.983913447276861,1
PRR12,IRF2BPL,Q9H1B7,4,0.99062946174852,0.97
PRR12,ZMYM4,Q5VZL5,21.67,0.995952371051136,1
PRR12,LONP1,P36776,5,0.986713519357924,1
PRR12,DCAF7,P61962,5,0.987087786418264,1
PRR12,CLTC,Q00610,138,0.991149277110104,1
PRR12,AP2M1,Q96CW1,15.67,0.986366975783535,1
PRR12,AP2B1,P63010,16.67,0.989610623639816,1
PRR12,AP2S1,P53680,5,0.992819617138659,1
PRR12,AP2A1,O95782,20.67,0.99112848449564,1
PRR12,TNRC6B,Q9UPQ9,6.33,0.991655230728712,1
PRR12,PIK3C2A,O00443,49,0.996901900444962,1
PRR12,TRIM27,P14373,10.67,0.98507090281532,1
PRR12,GTSE1,Q9NYZ3,2.33,0.982256968991281,1
PRR12,TNRC6A,Q8NDV7,2.67,0.976559792628325,1
PRR12,IDE,P14735,12,0.992937441953951,1
PRR12,CLTA,P09496,10.67,0.976913267074202,1
KDM6B,PLOD1,Q02809,17.33,0.994469164552751,1
KDM6B,P3H3,Q8IVL6,21,0.998177180798714,1
KDM6B,CLTB,P09497,9.33,0.986124395281463,1
KDM6B,SNX9,Q9Y5X1,26.33,0.99494046381392,1
KDM6B,REPS1,Q96D71,4.67,0.986893722016606,1
KDM6B,BMP2K,Q9NSY1,15.33,0.992999819797341,1
KDM6B,AP2A2,O94973,19,0.991218585824982,1
KDM6B,P3H1,Q32P28,36,0.993020612411805,1
KDM6B,SEC16A,O15027,60.33,0.997290029248278,1
KDM6B,P4HA1,P13674,4,0.980628214191652,1
KDM6B,CRTAP,O75718,17,0.990151231615863,1
KDM6B,PRPF39,Q86UA1,4.33,0.989735379326596,1
KDM6B,P3H4,Q92791,12,0.997601918465228,1
KDM6B,TP53,P04637,36,0.980725246392481,1
KDM6B,CLTC,Q00610,118.67,0.990248263816692,1
KDM6B,AP2M1,Q96CW1,10,0.98279064609584,1
KDM6B,AP2B1,P63010,10.67,0.986256081839731,1
KDM6B,AP2A1,O95782,16.67,0.989929443728254,1
KDM6B,AP2S1,P53680,4.33,0.992043359532028,1
KDM6B,TNRC6B,Q9UPQ9,2,0.983955032505787,0.99
KDM6B,AKAP8,O43823,10.67,0.985334275931856,1
KDM6B,PIK3C2A,O00443,30.67,0.995647412705674,1
KDM6B,TNRC6A,Q8NDV7,2.33,0.975215203559696,1
KDM6B,CLTA,P09496,8.67,0.974556770768356,1
ARID1B,DPF2,Q92785,12.33,0.996590011228012,1
ARID1B,SMARCC2,Q8TAQ2,5.67,0.996097919352379,1
ARID1B,YME1L1,Q96TA2,12.33,0.982554996465256,1
ARID1B,DHRS7B,Q6IAN0,4.33,0.972699297209631,1
ARID1B,FANCI,Q9NVI1,3,0.972685435466656,1
ARID1B,ALDH3A2,P51648,10.33,0.974931037828697,1
ARID1B,OCIAD1,Q9NX40,6.67,0.986172911381877,1
ARID1B,SMARCD2,Q92925,9.67,0.995494933532942,1
ARID1B,SMARCB1,Q12824,9.67,0.994988979914334,1
ARID1B,SMARCD1,Q96GM5,19,0.99734547622018,1
ARID1B,TIAL1,Q01085,2.67,0.992476539000014,1
ARID1B,SS18,Q15532,3.67,0.995235025852151,1
ARID1B,GLB1,P16278,4.67,0.978500436644904,1
ARID1B,ECHS1,P30084,2,0.976338004740716,1
ARID1B,ACTL6A,O96019,10.33,0.993270123785365,1
ARID1B,SMARCC1,Q92922,37.67,0.998780166618151,1
ARID1B,SMARCE1,Q969G3,18,0.996964278288352,1
ARID1B,CAND1,Q86VP6,8,0.976490483913447,1
ARID1B,COPS4,Q9BT78,2.33,0.978985597649048,1
ARID1B,SMARCA4,P51532,40.67,0.998794028361126,1
ARID1B,IMMT,Q16891,17.33,0.974272605037357,1
ARID1B,AGPS,O00116,2.67,0.986685795871973,1
ARID1B,CALU,O43852,7.67,0.97318792364952,1
ARID1B,CAP1,Q01518,10,0.976143940339058,1
ARID1B,STIP1,P31948,25.67,0.978327164857709,1
PHF2,MTREX,P42285,4.67,0.97312554580613,1
PHF2,ATIC,P31939,6.67,0.975984530294839,1
PHF2,IDE,P14735,5.67,0.98866109424599,1
PHF2,MAPRE1,Q15691,6,0.978978666777561,1
PHF2,PUM3,Q15397,8.33,0.978299441371758,1
PHF2,EXOSC2,Q13868,4.67,0.975291443146061,1
PHF2,DHX57,Q6P158,4.67,0.981681706657795,1
PHF2,CSNK2A2,P19784,35,0.982243107248305,1
PHF2,KPNA6,O60684,8.67,0.989406162930927,1
PHF2,PELP1,Q8IZL8,6.67,0.977876658211003,1
PHF2,CDC73,Q6P1J9,28.67,0.997546471493326,1
PHF2,TTLL12,Q14166,3,0.97673306441552,0.97
PHF2,SMC1A,Q14683,3,0.975998392037815,0.97
PHF2,BMS1,Q14692,4,0.978126169584564,1
PHF2,IWS1,Q96ST2,24.67,0.993893902219265,1
PHF2,COPS4,Q9BT78,2,0.977135054961811,0.95
PHF2,PAF1,Q8N7H5,31.33,0.994871155099042,1
PHF2,LEO1,Q8WVC0,13.33,0.991274032796884,1
PHF2,WDR61,Q9GZS3,17.33,0.990331434274546,1
PHF2,NFKBIL1,Q9UBC1,2.33,0.983684728517764,0.96
PHF2,CCNL1,Q9UK58,2.67,0.991076502959482,1
PHF2,ADSL,P30566,6.67,0.979900472685436,1
PHF2,KPNA5,O15131,4.33,0.986879860273631,1
PHF2,AARS1,P49588,3.67,0.980947034280091,1
PHF2,CTR9,Q6PD62,28.67,0.994697883311848,1
PHF2,DHX30,Q7L2E3,38.67,0.979935127042874,1
PHF2,ANP32E,Q9BTT0,5,0.978341026600685,1
PHF2,RBM15,Q96T37,18,0.981494573127625,1
PHF2,TEX10,Q9NXF1,4,0.986699657614948,1
PHF2,YTHDC2,Q9H6S0,4,0.971049749795539,1
PHF2,HDGFL2,Q7Z4V5,13.67,0.990671046977447,1
PHF2,CAND1,Q86VP6,7.33,0.975624124977475,1
PHF2,ANP32B,Q92688,9.67,0.98944428272411,1
PHF2,NXF1,Q9UBU9,20.33,0.991322548897298,1
PHF2,SMC3,Q9UQE7,2.33,0.975890963529754,0.96
PHF2,KPNA2,P52292,29.67,0.974425084210089,1
PHF2,KPNA1,P52294,13.33,0.987406606506702,1
PHF2,AP3D1,O14617,4.67,0.991648299857224,1
PHF2,MED17,Q9NVC6,2.33,0.984162958650421,1
PHF2,SENP3,Q9H4L4,2,0.979522740189351,0.95
PHF2,SRP19,P09132,8,0.991558198527883,1
PHF2,SIN3A,Q96ST3,2,0.987718495723652,0.95
PHF2,RRP9,O43818,5.33,0.996264260268086,1
PHF2,SUPT6H,Q7KZ85,2.33,0.974095867814419,0.97
PHF2,CCNL2,Q96S94,4.67,0.995869200593282,1
PHF2,INTS14,Q96SY0,2.67,0.994053312263484,1
PHF2,CEP131,Q9UPN4,10.33,0.99512759734409,1
PHF2,SPATA5,Q8NB90,2,0.980212361902386,0.95
